"SYMBOL","ENTREZID"
"FAM107A","11170"
"CD36","948"
"GRK5","2869"
"CA4","762"
"EDNRB","1910"
"CDH5","1003"
"AGER","177"
"NPR1","4881"
"TEK","7010"
"HIGD1B","51751"
"CLEC3B","7123"
"TCF21","6943"
"JAM2","58494"
"SPP1","6696"
"PECAM1","5175"
"STARD13","90627"
"GPM6A","2823"
"DUOX1","53905"
"VWF","7450"
"FHL1","2273"
"FABP4","2167"
"ADH1B","125"
"FOXF1","2294"
"AGTR1","185"
"LDB2","9079"
"VEGFD","2277"
"ABCA8","10351"
"TAL1","6886"
"RAMP2","10266"
"RASIP1","54922"
"ACADL","33"
"TGFBR3","7049"
"CLDN5","7122"
"KCNK3","3777"
"TNXA","7146"
"SFTPC","6440"
"TNXB","7148"
"EPAS1","2034"
"CAV1","857"
"SASH1","23328"
"ADARB1","104"
"LRRN3","54674"
"ITIH5","80760"
"SPOCK2","9806"
"S1PR1","1901"
"ADAMTSL3","57188"
"TACC1","6867"
"GPM6B","2824"
"JCAD","57608"
"CD93","22918"
"SLIT2","9353"
"AOC3","8639"
"ARHGAP6","395"
"TNS1","7145"
"ADAMTS8","11095"
"FGFR4","2264"
"STXBP6","29091"
"FXYD6","53826"
"FHL5","9457"
"MMRN2","79812"
"SVEP1","79987"
"DPEP2","64174"
"TIE1","7075"
"PALM2AKAP2","445815"
"LIMS2","55679"
"RAI2","10742"
"EMCN","51705"
"ACACB","32"
"FCN3","8547"
"FXYD1","5348"
"CLDN18","51208"
"CAT","847"
"RGCC","28984"
"LEPR","3953"
"C14orf132","56967"
"TBX2","6909"
"SEMA5A","9037"
"NME1","4830"
"TNNC1","7134"
"FEZ1","9638"
"SPTBN1","6711"
"CRYAB","1410"
"CLIC5","53405"
"HEG1","57493"
"EMP2","2013"
"ADIRF","10974"
"GPX3","2878"
"ITM2A","9452"
"LYVE1","10894"
"UPK3B","105375355"
"ENTREP1","9413"
"KDELR2","11014"
"SESN1","27244"
"PDZD2","23037"
"MFAP4","4239"
"RAMP3","10268"
"CAV2","858"
"MIF","4282"
"KLF2","10365"
"TMEM100","55273"
"TMT1A","25840"
"SYNM","23336"
"MACF1","23499"
"PIP5K1B","8395"
"CD34","947"
"ERG","2078"
"DIAPH2","1730"
"LRRC32","2615"
"ADGRL2","23266"
"TMEM204","79652"
"LPL","4023"
"RASL12","51285"
"COX7A1","1346"
"KANK3","256949"
"PTPRB","5787"
"ENG","2022"
"FBLN5","10516"
"CHRDL1","91851"
"CFD","1675"
"HOXA5","3202"
"FMO2","2327"
"QKI","9444"
"DENND3","22898"
"PDLIM2","64236"
"THBD","7056"
"RCC1","1104"
"PAICS","10606"
"LRRC36","55282"
"PLPP2","8612"
"HMGB3","3149"
"SRPX","8406"
"SLC27A3","11000"
"GATA2","2624"
"GOLM1","51280"
"ARRB1","408"
"CDO1","1036"
"WFS1","7466"
"DOCK4","9732"
"ARHGEF6","9459"
"LMO2","4005"
"KL","9365"
"CAVIN2","8436"
"DLC1","10395"
"SNRK","54861"
"GATA6","2627"
"ANGPT1","284"
"TBX3","6926"
"OLFML1","283298"
"FRY","10129"
"SULF1","23213"
"KLF4","9314"
"P3H2","55214"
"DNASE1L3","1776"
"DACH1","1602"
"BCHE","590"
"TOP2A","7153"
"LHFPL6","10186"
"SOSTDC1","25928"
"LINC00312","29931"
"ADRB2","154"
"ENO1","2023"
"DPYSL2","1808"
"ICAM2","3384"
"CTNNAL1","8727"
"PID1","55022"
"ZBTB16","7704"
"INPP5A","3632"
"CYP4B1","1580"
"PPP1R14B","26472"
"SPARCL1","8404"
"BZW2","28969"
"CPB2","1361"
"GIMAP6","474344"
"GHR","2690"
"WWC2","80014"
"WIF1","11197"
"AHNAK","79026"
"SYNC","81493"
"GAPDH","2597"
"KANK2","25959"
"TSPAN7","7102"
"TGFBR2","7048"
"VIPR1","7433"
"SRPK1","6732"
"TRPV2","51393"
"ANOS1","3730"
"CAVIN1","284119"
"SYNE3","161176"
"LIMCH1","22998"
"EML1","2009"
"MDK","4192"
"HBB","3043"
"WFDC1","58189"
"SEMA3G","56920"
"PCDH17","27253"
"ID4","3400"
"MYH11","4629"
"GREM1","26585"
"COL10A1","1300"
"SYNPO","11346"
"CBX7","23492"
"GAS6","2621"
"HSPB8","26353"
"P2RY14","9934"
"HBA1","3039"
"PLPP3","8613"
"RECK","8434"
"SMAD6","4091"
"CRTAC1","55118"
"SNX1","6642"
"MEIS1","4211"
"GDF10","2662"
"MT1M","4499"
"ST14","6768"
"ADGRE5","976"
"REEP1","65055"
"LMOD1","25802"
"FERMT2","10979"
"GMFG","9535"
"GFPT1","2673"
"CLIC3","9022"
"THBS2","7058"
"HBA2","3040"
"MYH10","4628"
"HYAL1","3373"
"EPB41L2","2037"
"NEDD4L","23327"
"SFTPD","6441"
"PALMD","54873"
"PRDX4","10549"
"CACNA2D2","9254"
"STOM","2040"
"PTGDS","5730"
"DES","1674"
"SLCO2A1","6578"
"FBLN1","2192"
"COL11A1","1301"
"A2M","2"
"GNG11","2791"
"C1orf115","79762"
"TPBG","7162"
"LAMP3","27074"
"SOX4","6659"
"AQP4","361"
"SLC39A8","64116"
"CAPN3","825"
"INAVA","55765"
"PDIA4","9601"
"CRIM1","51232"
"CD302","9936"
"MIR22HG","84981"
"ZNF423","23090"
"PIK3R1","5295"
"ABCA3","21"
"SORBS1","10580"
"PLLP","51090"
"LTBP4","8425"
"CP","1356"
"KDELR3","11015"
"HLF","3131"
"SH3BP5","9467"
"MARCO","8685"
"HMGA1","3159"
"PLA2G1B","5319"
"CCL14","6358"
"JPT1","51155"
"KPNA2","3838"
"SELENBP1","8991"
"GPC3","2719"
"IL33","90865"
"HLA-E","3133"
"PCLAF","9768"
"LMCD1","29995"
"SPAG4","6676"
"DST","667"
"NFASC","23114"
"KAZN","23254"
"RRAS","6237"
"PAIP1","10605"
"PKIG","11142"
"FGR","2268"
"TPPP3","51673"
"SSR4","6748"
"ATP2A2","488"
"SECISBP2L","9728"
"H3-3B","3021"
"HLX","3142"
"TNFRSF21","27242"
"TMEM47","83604"
"PGC","5225"
"AKT3","10000"
"CEP55","55165"
"PDK4","5166"
"CALCRL","10203"
"CYRIA","81553"
"PODXL","5420"
"GALNT7","51809"
"ABCC3","8714"
"FLI1","2313"
"VSIG4","11326"
"GGCT","79017"
"FAP","2191"
"PLOD2","5352"
"MMP12","4321"
"RRM2","6241"
"HBEGF","1839"
"CLU","1191"
"ZWINT","11130"
"FGFR2","2263"
"CDC20","991"
"HYAL2","8692"
"PCOLCE2","26577"
"BOLA2","552900"
"HSD17B6","8630"
"KLF9","687"
"CCNB1","891"
"MRPS17","51373"
"PMP22","5376"
"NUSAP1","51203"
"MAOA","4128"
"TIMP1","7076"
"HPRT1","3251"
"ECT2","1894"
"NEBL","10529"
"SLC1A1","6505"
"ARHGAP44","9912"
"EPCAM","4072"
"EFEMP1","2202"
"SOBP","55084"
"TYMS","7298"
"SERPING1","710"
"C7","730"
"ALDH2","217"
"PER1","5187"
"TOX3","27324"
"PPP1R15A","23645"
"CENPU","79682"
"LDLR","3949"
"PRELP","5549"
"COL1A1","1277"
"PHLDA2","7262"
"CENPF","1063"
"CA2","760"
"FOXF2","2295"
"FHL2","2274"
"PFKP","5214"
"ADAMTS1","9510"
"SEMA6A","57556"
"IGFBP3","3486"
"MCM4","4173"
"CDH1","999"
"CDH3","1001"
"AK1","203"
"CCNB2","9133"
"NRN1","51299"
"STK39","27347"
"WASF3","10810"
"PAPSS2","9060"
"SRD5A1","6715"
"TMEM106B","54664"
"ITGA8","8516"
"ETS2","2114"
"MARCKSL1","65108"
"RTN1","6252"
"RCAN1","1827"
"COL13A1","1305"
"SORD","6652"
"MELK","9833"
"COLEC12","81035"
"TIMP3","7078"
"SLC6A4","6532"
"NPR3","4883"
"MYLK","4638"
"TFAP2A","7020"
"MYL9","10398"
"F8","2157"
"EFNA4","1945"
"COL3A1","1281"
"H2BC5","3017"
"PLSCR4","57088"
"DOCK9","23348"
"CDK1","983"
"LAMA4","3910"
"RFC4","5984"
"PTGER4","5734"
"TPX2","22974"
"LSM5","23658"
"TCF4","6925"
"CKS1B","1163"
"FEN1","2237"
"ASPM","259266"
"CES1","1066"
"CDKN1C","1028"
"KCNN4","3783"
"ZBED2","79413"
"CLDN4","1364"
"NDNF","79625"
"ADGRL4","64123"
"NET1","10276"
"RGS17","26575"
"MAD2L1","4085"
"SLC2A1","6513"
"DSG2","1829"
"CLDN3","1365"
"NEK2","4751"
"RUFY2","55680"
"PTCH1","5727"
"KRT8","3856"
"C5AR1","728"
"SLC16A3","9123"
"KAT2B","8850"
"MME","4311"
"NEDD9","4739"
"CDKN3","1033"
"BIRC5","332"
"AGTR2","186"
"ADCY9","115"
"TSPAN6","7105"
"MMP11","4320"
"KLF6","1316"
"COL1A2","1278"
"FABP5","2171"
"GINS1","9837"
"EFNB2","1948"
"CD52","1043"
"LGR4","55366"
"SYNE1","23345"
"CNN1","1264"
"SOCS2","8835"
"DNAJB4","11080"
"CRABP2","1382"
"ZEB2","9839"
"KIF2A","3796"
"GMNN","51053"
"AQP1","358"
"GPI","2821"
"NRGN","4900"
"MMP1","4312"
"EOGT","285203"
"TPD52","7163"
"RPS6KA2","6196"
"BUB1B","701"
"ALDH1A1","216"
"CD24","100133941"
"PLAU","5328"
"IL7R","3575"
"SLC15A2","6565"
"AK4","205"
"SHMT2","6472"
"GPRC5A","9052"
"ID3","3399"
"HEY1","23462"
"PHACTR2","9749"
"ECM2","1842"
"WWTR1","25937"
"MRC1","4360"
"LMO7","4008"
"APOLD1","81575"
"OTULINL","54491"
"UBE2C","11065"
"OGN","4969"
"RAPGEF5","9771"
"ACKR1","2532"
"SLK","9748"
"MEIS2","4212"
"SFTPB","6439"
"STEAP1","26872"
"PCYOX1","51449"
"DLGAP5","9787"
"KIF4A","24137"
"ALOX5","240"
"COL4A3","1285"
"MSR1","4481"
"PLAGL1","5325"
"OLR1","4973"
"COL5A2","1290"
"RBP4","5950"
"ADAM28","10863"
"TMPRSS4","56649"
"CAMK2N1","55450"
"MYRF","745"
"SLPI","6590"
"AURKA","6790"
"CENPA","1058"
"MTHFD2","10797"
"ABLIM1","3983"
"MMP9","4318"
"BMP2","650"
"ANP32E","81611"
"FOSB","2354"
"PRC1","9055"
"DCN","1634"
"FLRT3","23767"
"UBE2S","27338"
"CEBPD","1052"
"PGK1","5230"
"RGS5","8490"
"SLC7A5","8140"
"ACP5","54"
"KIF11","3832"
"H2AC18","8337"
"ZFP36","7538"
"CPA3","1359"
"ANXA8L1","728113"
"PTN","5764"
"F2RL1","2150"
"KCTD12","115207"
"HPCAL1","3241"
"NTRK2","4915"
"PROS1","5627"
"GADD45B","4616"
"HSPD1","3329"
"CXCL13","10563"
"CEACAM1","634"
"FKBP11","51303"
"ARHGAP29","9411"
"ADGRF5","221395"
"CADM1","23705"
"ANXA3","306"
"ELF3","1999"
"PCDH9","5101"
"CXCL3","2921"
"ETV1","2115"
"BUB1","699"
"TTK","7272"
"CXCL12","6387"
"MCAM","4162"
"EDN1","1906"
"TPSAB1","7177"
"C4BPA","722"
"S100A4","6275"
"GGTLC1","92086"
"ABCG1","9619"
"POSTN","10631"
"MECOM","2122"
"COL4A5","1287"
"VCAN","1462"
"PERP","64065"
"PMAIP1","5366"
"SPINK1","6690"
"RAB11FIP1","80223"
"KRT19","3880"
"TRIM2","23321"
"DKK3","27122"
"LAPTM4B","55353"
"DUSP1","1843"
"CEACAM5","1048"
"EMP1","2012"
"NQO1","1728"
"SFN","2810"
"DPT","1805"
"TPSB2","64499"
"EZH2","2146"
"DNAJC12","56521"
"SRPX2","27286"
"DMD","1756"
"SCG5","6447"
"DSP","1832"
"MATN2","4147"
"IGF2BP3","10643"
"C1orf116","79098"
"COL5A1","1289"
"XAGE1B","653067"
"TNFSF10","8743"
"GCNT3","9245"
"FBP1","2203"
"ID1","3397"
"NDC80","10403"
"IRAK3","11213"
"MXRA5","25878"
"NR4A1","3164"
"TRIP13","9319"
"GDF15","9518"
"LGSN","51557"
"CPD","1362"
"COMP","1311"
"APOBEC3B","9582"
"TYROBP","7305"
"MAFF","23764"
"SCGB1A1","7356"
"FOLR1","2348"
"PBK","55872"
"GPR37","2861"
"NR4A3","8013"
"CDKN2A","1029"
"SFTPA2","729238"
"UBD","10537"
"IGK","50802"
"KRT15","3866"
"CX3CR1","1524"
"KCNJ15","3772"
"HPGD","3248"
"S100P","6286"
"WFDC2","10406"
"IL1RL1","9173"
"MNDA","4332"
"AGR2","10551"
"NMU","10874"
"MUC16","94025"
"ALOX5AP","241"
"AHNAK2","113146"
"IGLJ3","28831"
"IGHA1","3493"
"CXCL2","2920"
"IGHG3","3502"
"NETO2","81831"
"IGHV1-69","28461"
"IGHM","3507"
"S100A2","6273"
"COCH","1690"
"IGKC","3514"
"IGKV1OR1-1","3525"
"CHI3L1","1116"
"SLC7A11","23657"
"CFB","629"
"CST1","1469"
"IGLV3-10","28803"
"GCLC","2729"
"GPR87","53836"
"EDNRA","1909"
"HS3ST1","9957"
"ATF3","467"
"IGKV1OR2-108","28862"
"ADGRG6","57211"
"IGKV2D-28","28883"
"IGLV2-14","28815"
"IGKV1D-37","28894"
"CYP2B6","1555"
"IGKV1-17","28937"
"CD55","1604"
"IGLV3-19","28797"
"POU2AF1","5450"
"EGR1","1958"
"TNC","3371"
"IGKV1D-13","28902"
"QPCT","25797"
"C1QB","713"
"IGKV4-1","28908"
"PLA2G4A","5321"
"EEF1A2","1917"
"IGKV1D-39","28893"
"DMBT1","1755"
"IGHD","3495"
"CCN2","1490"
"MMP7","4316"
"IGLV3-25","28793"
"TMPRSS11E","28983"
"CXCL14","9547"
"PCP4","5121"
"SCEL","8796"
"TCN1","6947"
"NR4A2","4929"
"CYP24A1","1591"
"MUC4","4585"
"FOS","2353"
"IL6","3569"
"IGFBP2","3485"
"TFPI2","7980"
"LCN2","3934"
"MUC5B","727897"
"MAGEA6","4105"
"MAGEA3","4102"
