"Sample_ID","PC1","PC2","PC3","Group"
"GSM254625",-13.844062563061,42.6076016279527,-19.0736026872478,"Tumor"
"GSM254626",47.6054717541123,22.2866217537393,9.14500806959601,"Normal"
"GSM254627",-47.6112120219982,-14.0747269849611,17.6136051675415,"Tumor"
"GSM254628",44.9229525426589,15.6576610894394,16.7018913175263,"Normal"
"GSM254629",-12.3506267103261,2.84787973884302,5.93491363437082,"Tumor"
"GSM254630",-24.6494916667449,8.61552272518269,10.8775701274301,"Tumor"
"GSM254631",-29.7993277587717,-15.1221328063801,7.34213367557113,"Tumor"
"GSM254632",2.64991286221605,8.58758499211014,-1.05953425683674,"Normal"
"GSM254633",-37.0340851777908,-17.1645584631248,-2.95517577447006,"Tumor"
"GSM254634",26.4317122556526,-29.2448098218029,-0.0341340817269776,"Normal"
"GSM254635",28.4821670866253,-36.4156259622672,-6.29327174072327,"Normal"
"GSM254636",-39.1057535490692,-19.8789442892524,-18.6723290207623,"Tumor"
"GSM254637",-21.7483497694832,-9.84653970654325,3.09167953322331,"Tumor"
"GSM254638",19.814882997046,-26.8434001196231,1.14543883392681,"Normal"
"GSM254639",-20.9442286430427,-38.7062097322184,-21.9744579043408,"Tumor"
"GSM254640",37.1146017107938,-11.2864276590104,12.5009146288728,"Normal"
"GSM254641",-28.7430353812859,4.17398583226378,7.09424706173863,"Tumor"
"GSM254642",-51.7562157990839,5.16496187708,33.4430508494145,"Tumor"
"GSM254643",39.9215012578148,1.29116775788724,22.0916613636475,"Normal"
"GSM254644",41.0983936246033,-16.0890649308676,11.0171942930839,"Normal"
"GSM254645",-16.3474620899919,-20.7797116229038,5.63389052565742,"Tumor"
"GSM254646",39.6947727226812,29.9991043714289,9.02617434284396,"Normal"
"GSM254647",-44.3855443813611,8.12360129614703,-5.13006514172394,"Tumor"
"GSM254648",2.552133851336,-0.276981950620851,7.84597678419138,"Tumor"
"GSM254649",46.3508444329273,28.3372150884952,1.23847113184865,"Normal"
"GSM254650",-29.1421669006231,40.7690285603555,12.5823458693482,"Tumor"
"GSM254651",35.0226659372261,11.9842629655362,1.02291969755032,"Normal"
"GSM254652",-21.0468558861951,0.924513699449504,-8.88625085388782,"Tumor"
"GSM254653",46.145057954218,13.5757435441681,-9.68587344212799,"Normal"
"GSM254654",-3.3663682979401,-14.571237737519,8.13523730698034,"Tumor"
"GSM254655",41.1782477193902,2.64669549834221,-9.86387773627906,"Normal"
"GSM254656",-1.45811358592243,-27.2755201894708,-2.36410957109084,"Tumor"
"GSM254657",-17.0759052228546,-29.2246148008805,8.58383382730694,"Tumor"
"GSM254658",43.6171037760638,13.4518977346633,8.14488899171301,"Normal"
"GSM254659",-21.4857258243454,-5.14407140337837,-10.6618467212426,"Tumor"
"GSM254660",38.698834628543,-0.14531642729547,-4.07651038214166,"Normal"
"GSM254661",-12.0041805076003,1.27377213514396,-0.746955748801256,"Tumor"
"GSM254662",39.1002834664941,12.2120569989984,-16.9280645652333,"Normal"
"GSM254663",-40.5854095438582,22.2723467930242,15.5576525747449,"Tumor"
"GSM254664",-34.9614193896397,-4.38685064490072,1.40043780104519,"Tumor"
"GSM254665",32.374194638805,4.42607308644176,13.1353089453871,"Normal"
"GSM254666",-26.1130582705212,0.47472299963975,5.605712295702,"Tumor"
"GSM254667",20.1347233709709,1.12709147571352,2.16329409019904,"Normal"
"GSM254668",-36.2138361646582,26.5225205183083,-7.13531907386553,"Tumor"
"GSM254669",39.0925719469687,14.9543109482171,-9.53679291623925,"Normal"
"GSM254670",-20.6229690831475,-19.2385048021447,-26.3329334247569,"Tumor"
"GSM254671",36.0187172726365,-15.9694632073768,-15.6557860855325,"Normal"
"GSM254672",-34.8704369847941,-35.5126554503941,15.4209144914914,"Tumor"
"GSM254673",40.2739380611316,17.5321170567188,-8.55672150976846,"Normal"
"GSM254674",-31.4825994464899,14.0447353745922,-16.839395850029,"Tumor"
"GSM254675",-34.9621876349097,-5.73982404648873,3.60266642029359,"Tumor"
"GSM254676",31.6457492964122,3.2372253646693,-0.716043488889696,"Normal"
"GSM254677",22.4870070987982,-62.5725601834,6.68921715179276,"Normal"
"GSM254678",-38.8424906259316,-18.3633203250706,3.17003827621487,"Tumor"
"GSM254679",32.3147635944846,-23.7653201204392,-4.20343437942289,"Normal"
"GSM254680",-35.8894423411905,6.21912524813175,-4.17589026540598,"Tumor"
"GSM254681",41.5047768082291,37.8077923692117,34.6281384513495,"Normal"
"GSM254682",-38.8133915823926,29.1321375890974,-9.20192034954235,"Tumor"
"GSM254683",33.1692771359787,33.4583464772429,-7.23241808016938,"Normal"
"GSM254684",-30.0633699287011,-21.478648152905,-14.3270149146295,"Tumor"
"GSM254685",36.1826374606806,-20.7327859179223,22.1755730270349,"Normal"
"GSM254686",-28.3536692624442,13.6765443203604,-13.3350034532696,"Tumor"
"GSM254687",-31.6556141766964,44.3321269767022,8.98257632575734,"Tumor"
"GSM254688",-37.5133016787567,22.2407874829488,6.15807708620866,"Tumor"
"GSM254689",38.0040441614374,37.2360877165994,15.2355336714108,"Normal"
"GSM254690",-42.6989767054244,3.73085820222547,-12.8912226373784,"Tumor"
"GSM254691",29.7473083693258,2.70298345880311,2.87392578209786,"Normal"
"GSM254692",-47.7102302553581,34.4895704199928,26.3065788902639,"Tumor"
"GSM254693",41.4990477037639,13.3396819735862,2.51380672861557,"Normal"
"GSM254694",-6.1214098353087,-7.86188413517413,-15.3487136873479,"Tumor"
"GSM254695",17.6718292490649,-9.79346523073838,-13.6095208886912,"Normal"
"GSM254696",-34.7479819314069,-11.2992766898461,-25.4037836555972,"Tumor"
"GSM254697",-53.8152816491042,-12.5280731201276,9.31091034409858,"Tumor"
"GSM254698",-37.3645874529696,-24.0991725310626,-22.9868336705014,"Tumor"
"GSM254699",41.8130028815416,4.88077451373289,-15.7559720081144,"Normal"
"GSM254700",-52.385029382131,-4.73962997192757,4.14084753529634,"Tumor"
"GSM254701",-19.4280987384366,-3.45705091382069,-17.0093795022097,"Tumor"
"GSM254702",43.7364159764161,-8.58799833142503,-10.8182326380851,"Normal"
"GSM254703",27.5694124233174,-9.77201611319006,11.5097037164429,"Normal"
"GSM254704",-35.7917447813995,-32.4932625174996,29.4900270635385,"Tumor"
"GSM254705",-34.417405615882,36.3684609849271,7.13183875895418,"Tumor"
"GSM254706",28.6255674175229,13.6941375873961,4.25075759197351,"Normal"
"GSM254707",-32.9014861634537,31.1234034865652,-9.05681553998641,"Tumor"
"GSM254708",27.3508398768993,4.47305380552237,-4.40718660625063,"Normal"
"GSM254709",-27.6820087922445,30.7086679376253,17.0793580896209,"Tumor"
"GSM254710",9.75808040622881,37.9424871540312,-8.0752123208476,"Normal"
"GSM254711",33.6426483631802,-16.2848587038411,-4.99330124124641,"Normal"
"GSM254712",29.5362946356071,-42.0572931724781,40.0643217432068,"Normal"
"GSM254713",37.484103566542,-29.5352995027793,12.3890599316986,"Normal"
"GSM254714",-21.3551150113795,-11.1529621181133,15.6550890732187,"Tumor"
"GSM254715",39.7309686428659,-31.008615210813,11.1589267692577,"Normal"
"GSM254716",-21.8993185840675,43.6334573627014,-20.3406017797242,"Tumor"
"GSM254717",33.2407678691603,4.34915646074633,4.97365416514918,"Normal"
"GSM254718",-21.0611619770475,-14.5018263835589,-6.71851780709513,"Tumor"
"GSM254719",44.027521649029,7.91104168895766,-8.58741236789291,"Normal"
"GSM254720",-26.5128871587644,-13.3333322039137,-4.79333214525399,"Tumor"
"GSM254721",-41.355732996766,1.15673193469551,18.3178297485485,"Tumor"
"GSM254722",-36.7322949936687,-13.4048547256498,-1.99133262609798,"Tumor"
"GSM254723",1.27188056315398,1.81872651132825,-12.0660640530041,"Normal"
"GSM254724",-42.6371785917183,-0.732768880714349,16.3731616164018,"Tumor"
"GSM254725",28.6386345820537,-28.8847779147006,-21.4271637992388,"Normal"
"GSM254726",0.705904808329894,9.50258707020437,-15.9213330426284,"Tumor"
"GSM254727",41.1633384382485,16.4421987058657,-19.6955450295688,"Normal"
"GSM254728",-24.8489938641926,4.58461101799019,-30.4100004707101,"Tumor"
"GSM254729",-9.40982744110411,-14.2681986415155,-9.2414292175383,"Tumor"
"GSM254730",44.7316469114536,1.21856361454582,-9.36045085403262,"Normal"
"GSM254731",40.1695040128105,-7.64968050423613,-11.1138941812003,"Normal"
