"","GSM254625","GSM254626","GSM254627","GSM254628","GSM254629","GSM254630","GSM254631","GSM254632","GSM254633","GSM254634","GSM254635","GSM254636","GSM254637","GSM254638","GSM254639","GSM254640","GSM254641","GSM254642","GSM254643","GSM254644","GSM254645","GSM254646","GSM254647","GSM254648","GSM254649","GSM254650","GSM254651","GSM254652","GSM254653","GSM254654","GSM254655","GSM254656","GSM254657","GSM254658","GSM254659","GSM254660","GSM254661","GSM254662","GSM254663","GSM254664","GSM254665","GSM254666","GSM254667","GSM254668","GSM254669","GSM254670","GSM254671","GSM254672","GSM254673","GSM254674","GSM254675","GSM254676","GSM254677","GSM254678","GSM254679","GSM254680","GSM254681","GSM254682","GSM254683","GSM254684","GSM254685","GSM254686","GSM254687","GSM254688","GSM254689","GSM254690","GSM254691","GSM254692","GSM254693","GSM254694","GSM254695","GSM254696","GSM254697","GSM254698","GSM254699","GSM254700","GSM254701","GSM254702","GSM254703","GSM254704","GSM254705","GSM254706","GSM254707","GSM254708","GSM254709","GSM254710","GSM254711","GSM254712","GSM254713","GSM254714","GSM254715","GSM254716","GSM254717","GSM254718","GSM254719","GSM254720","GSM254721","GSM254722","GSM254723","GSM254724","GSM254725","GSM254726","GSM254727","GSM254728","GSM254729","GSM254730","GSM254731"
"FAM107A",-0.106969392141676,1.20632488297399,-1.31695669584871,1.29815772544818,-0.890362524039613,-0.543027014513016,-0.965233279224638,-0.408664644766231,-1.34299297319934,0.626610290127469,0.872422147948324,-1.13390853323458,-0.417972827757204,0.70908698784067,-1.08226618374584,1.08002155870839,-1.06499328291554,-1.36616410708517,0.621529722438102,1.84810298823587,-0.43275089766303,1.06402693969678,-0.898561261995816,-0.331766393106542,1.40940283415553,-0.30895610240266,1.42526762263602,-1.10099504668404,1.36631405087285,-0.164744128564642,1.14309069360217,0.689208561651773,-0.704251353773516,1.40445019931937,-0.795628938424343,0.823878867429238,-0.941405430790183,1.12645036385505,-1.23236630902161,-0.94786775050638,0.44581604034332,-0.900866997201298,1.24414433127164,-1.31129394885264,0.85804340439239,-0.77271825349052,0.838215073637726,-0.820348697649598,0.817105065362791,-0.734175225501038,-0.760499806887855,0.928549664061578,1.07954157669752,-0.961819437146369,1.20152980977875,-1.16184401315849,0.90919941220241,-1.12530184999081,0.845888619717872,-0.954723466464948,0.730571529222093,-0.922546688927356,-0.966072710249508,-1.1829002953988,1.11413816435137,-1.14793202496155,0.941864924994121,-1.10160416431705,1.13774756124024,-0.108733346286221,0.695142263340483,-1.31808979932637,-1.47180342903973,-0.835754520494216,0.640112833925673,-0.96022907159297,-1.15189657751811,1.50965490137747,0.993895234883966,-0.857492481806933,-0.257672771823841,1.35402639612007,-1.25277644444111,0.586180958337002,-0.858478910551133,0.332803729145357,1.04135882911158,1.17292163566201,1.26635475348326,-0.775483525810237,1.10600223192139,-0.741008172043471,1.26709676185691,-0.497813909682689,1.30639451755575,-1.43331578823273,-0.652060665088243,-1.20437415323423,0.0983781959528451,-0.364826297741842,1.06390487931387,-0.680032083442959,1.21698669538397,-1.00323723020826,-0.0459809180662819,1.34706935123004,0.98952696521846
"CD36",-0.762119422300408,1.39161389122248,-1.07957050547846,1.19026597159857,-0.264702374037203,-0.698318795263418,-0.969380686362006,0.846224934313745,-1.00694501437316,1.72854082504246,1.10863004483444,-0.934363666581032,-0.495320929577861,0.473933322023386,-0.982516747412984,0.629551411100769,-1.33964786916305,-0.928083651127216,1.39823845615342,0.49318927372105,-0.618776865581815,1.99675704055003,-1.23866424381046,-0.546740191020927,1.80231523121683,-0.976455848537112,0.859129615213449,-1.12325718000144,1.99078791556897,-0.595093700152275,1.17450034733785,0.0675930689292703,-1.05627182846412,0.636747290223899,-0.761765086118206,0.844800687808788,-0.862301737265303,1.16864747764146,-1.05721966113654,-1.25170951736328,0.934887214996236,-1.32001625036173,0.785198164189877,-0.819725350068274,1.47250263264615,-0.348060038536862,1.00342418047533,-0.961723263617222,1.23803594572076,-0.80780982473482,-1.08029956662424,0.76284257314222,-0.555865014936841,-1.1845079379275,0.846783672136094,-0.784985323220217,1.4917272334326,-0.753533459001529,1.37469911635767,-0.554682197077155,0.376390931558733,-0.868752154054148,-0.281630842938016,-0.912560167367607,1.33977076575991,-1.04550929430576,1.32278938849276,-0.84983047830616,1.31376262890691,-0.331057715155469,0.958727530290594,-0.625945951471365,-1.23746581237937,-1.3707488184582,0.546277024732784,-0.669661743823542,-0.798170617841172,0.697476640377787,0.734075292063556,-0.71327612709836,0.112717002891949,0.523332680150083,-1.01319828685087,1.28726819775236,-1.00867871113675,0.501701780098458,1.15904164020914,0.852181272893741,0.271399727364989,-1.26958329106068,1.05460288340249,-0.248995160210867,1.39882476582512,-0.976844798615659,1.53766392823541,-1.03548020044427,-1.26651989184881,-1.50944569296334,0.656960611511919,-0.697663017013236,0.46474633561524,-0.136948161721607,0.70563951452237,-1.1853372214742,-0.117268047460054,0.829574158199902,0.534513712780201
"GRK5",0.0752357794306578,1.47466922132478,-1.53783287399257,1.51155551169609,-1.44082046973003,0.198803359306257,-1.08599338050174,0.0648146136434101,-1.64590447246655,0.0647247770721546,0.953325239404577,-1.46840696575584,-0.374645157983581,0.444527717582511,-1.15402674875619,1.14057340942468,-1.3661340565529,-0.956722750409936,1.424873310557,1.04296787569965,-0.471392875179021,1.20032363726248,-0.841944012134354,-0.677759705717396,1.31652288368823,-0.00161557924593268,0.930223214449963,-1.21915737174237,1.31072984988735,-0.563734126324808,1.12926447728988,-0.115534195760756,-0.519583822928718,1.44197881542416,-0.935170357620756,1.33218090495687,-0.625418443112736,1.23245735484342,-1.16776362052973,-1.09024293548271,0.793546952692381,-0.581851299546903,0.372116076513241,-0.509847062997445,1.36768291234749,-1.05738503354663,1.1309257365993,-0.598894951166722,1.3509241848751,-1.07230739962377,-1.0737928134444,0.859178754304515,0.768874693989642,-1.92893546812016,0.764007543177508,-1.05376720359969,1.32744104807017,-1.04151940961545,0.679092920852404,-0.893452925633443,0.698184904495982,-0.767488085699589,-0.24311874855472,-0.601411990793981,1.05150555925691,-0.98562745142756,0.711459610763549,-1.04277347280038,1.13510272908676,-0.248419256303436,0.194648727258011,-1.01818273455883,-0.96185256420224,-1.05356642569451,1.32384380379209,-0.882621063438089,-1.60351814529767,1.27620367064519,0.69324192885628,-1.23238502916631,-0.289987357507204,0.98741664234856,-0.540631229898844,0.698793734840974,-0.715960562119294,0.28864971453286,0.865428304203629,1.15095738460376,1.12234992048702,-0.173437369628751,1.33390783531594,-0.211183376337199,1.07397394724513,-1.24168644672193,1.43714883324396,-1.12819981325016,-0.662325837488918,-0.882418519856177,0.248413849009625,-1.11498100239711,0.651684406556887,-0.51737223552486,1.16275704604415,-0.801383423503888,-0.3484989790306,1.25785225729152,1.27352102418079
"CA4",-0.786114479475234,1.34048487109932,-0.766438555079745,1.18970309900329,-0.871468659531899,-0.943353460383065,-0.991736882025225,-0.718915589429157,-0.880419259418939,0.665395716407849,1.03149965447777,-0.60416198147406,-0.392919713612495,0.565727913718449,-0.900135355795109,0.446246928887498,-0.942842200697344,-1.05161281982386,1.50806643999853,1.49412907564951,-0.759417326763007,1.43582213823354,-0.905745038195541,-0.573738710397435,1.71851003918657,-0.848568178918814,1.17597641591604,-1.04728814340482,1.59233856970976,-0.789973734874571,1.53582556378748,-0.259517889021859,-0.777497432191614,1.16830942744967,-0.799561231561614,0.869046967169153,-0.970012918211048,1.76392142198693,-1.139561842241,-0.852802048279637,1.22439285560513,-0.933307206992608,0.0759366440429527,-1.02307316372613,1.7376589922701,-0.907955486981006,1.17041852188283,-0.779152206195188,1.21442789427921,-0.880348342008798,-0.792177277365174,1.09631203510093,0.123422986731918,-1.03856835003834,0.860282963893011,-0.808246597462113,0.688954999957115,-0.896592894214221,1.28145503401959,-0.952077853465035,0.891192539730677,-0.853236072225832,-0.7680570110713,-0.873176367409447,1.27963292051272,-0.884631889853505,0.955548355608364,-0.93589614847211,1.40887622518126,-0.038592148130094,0.270726547510749,-0.993314798823004,-0.811948571742309,-0.768580681003092,1.13533222395714,-0.969919823677027,-0.850297510624207,1.59338572136778,0.395689931183003,-0.685313787591429,-0.616770882754256,0.990514522493601,-0.854374683293668,0.756422976543316,-0.796548902579997,-0.278793358691496,0.710412667060145,0.705908655509987,1.24825139943191,-0.841208494748639,1.52716183232792,-1.12864015778154,0.553964494059938,-0.866646971861306,1.82418517360741,-0.848397126954789,-0.92810473207678,-0.784486851646745,-0.933298435623136,-0.770015783745663,1.34215612865493,-0.712105086241648,0.992777097142721,-0.983777250192466,-0.557102156442773,1.04379522463873,1.31833670752747
"EDNRB",-0.342118551304859,1.34773997260917,-0.784837171262164,1.47901037184387,-0.79790395126812,-0.608087735207412,-0.731550812209131,0.113585073422986,-0.943615053222609,1.02807896057527,0.615501746642843,-1.03773041766864,-0.849449164469468,0.0919988891630448,-1.52607020527662,1.00712699777794,-1.18150722646119,-0.937787707005384,1.71871545163435,1.55123775216159,-0.917547053510088,1.21396640174744,-1.06320634842775,-0.45425250921406,1.18018514718807,-0.0591036571273838,0.780089967705644,-1.04906473903286,1.87656302941122,-0.669879326053847,1.51167822187771,-0.145241590893675,-0.945068364094568,1.59891996969731,-0.638090645343074,1.23376533486055,-0.788477190070505,1.08296865149702,-1.23167640960703,-0.886308624926258,0.790205615570989,-0.752859844957547,0.106035860408676,-0.898306961623691,1.56913628309666,-0.98235635114221,0.959172942896642,-1.03183204860457,1.63366609322212,-0.883450654477037,-0.95912313463391,0.91413345749418,0.59541362689992,-1.01719164870688,0.747362343440191,-1.21835086523347,1.68292454394785,-1.07507958168013,0.723902368373358,-1.06795550437446,0.7108332329124,-0.905443918119471,-0.14426643657652,-0.963556357982226,1.20172682510546,-1.14298270580887,0.79656050424778,-0.592273104097994,1.21363628939101,-0.351475552114644,0.256636366398146,-1.21874811332787,-1.23316755695137,-1.08186884139516,0.518374592833023,-1.06553212631949,-0.845559010934698,2.02212557553494,0.436503285663855,-0.502962009191604,-0.0766541572206184,1.2317671062983,-0.744744961113251,-0.0719046388338467,-0.554793743831506,0.56198255430877,0.192030011687947,0.78555057647092,1.15067171762945,-0.89945784747898,1.02849498825429,-0.239432301520829,0.889299229706565,-0.928719599305714,1.83036614315142,-1.09405914159414,-0.867381439628589,-1.13578793647413,-0.032445111196222,-0.796811514751681,0.455121378507162,-0.595605137232034,1.26314459672921,-1.11224951948531,-0.403085700467085,1.22297018322775,1.1551692988194
"CDH5",0.141941063281656,1.24131930217079,-0.329212453300612,1.42827198074006,-1.02383273236755,-0.429073586071621,-1.42213710478766,0.765403964934349,-1.83981959989427,0.884633723431009,0.663459763909533,-1.19740033468416,-0.983214872635085,0.125638348636048,-0.776329453273152,0.765879222025667,-0.98614270970762,-1.56157779595973,1.19620085328341,1.46494400852797,-0.351987718970074,1.06802981874165,-1.10202075927148,-0.614267689999679,1.3621049921592,0.0127599256212902,1.05621750214636,-1.25272529017672,1.4392481701932,-0.729984043320662,1.2730125356674,-0.263327136273513,-0.502012984760598,1.50741290794579,-0.764290921563363,1.07657397776099,-1.03893595696263,1.23098121951494,-1.50323319324207,-1.29641719583068,0.605578467028357,-0.274365984596012,0.442400126008247,-0.708930227996912,1.53456857604843,-0.947913366960901,0.855402861612104,-1.34511339522944,1.67324247388364,-0.661867776497163,-1.2647414040732,0.547268882761356,0.0541052969026597,-0.905511451038232,0.690062008687176,-1.30435767221168,1.09622000963722,-0.737833649535434,1.01069992335406,-0.772701810490717,0.984642704690147,-0.633461741325341,-0.394238213079269,-0.873739401925436,1.18788945898299,-1.37469609634401,0.632028237070102,-1.00912581014339,1.05848698793935,-0.25648501774284,0.792926899815352,-1.03311947990345,-1.21614052686386,-1.28405100898649,1.29166639440614,-1.29522722271141,-1.18960428083377,1.19523294350017,0.470441826608168,-1.05952203921756,-0.238166461426611,0.957408583193161,-0.511809175967774,0.580594453833152,-0.42817476700564,0.602006415657585,0.28203945566213,0.933995538516529,0.866534442857631,-1.01579110175004,1.18785094571134,0.136887337273758,1.51102214558918,-1.10684084737168,1.35090873296743,-0.590598340316282,-0.239410475152248,-1.33659232062177,0.309314890419363,-0.790330741183493,0.481685537549704,-0.326834603266034,1.65920391224408,-0.975092035461795,-0.134960906854962,1.2118945779832,1.30704855805259
"AGER",-0.221193567835895,1.33431708775422,-1.32093898402557,1.09403011843678,-1.10534604383912,-0.71736860672093,-0.969168471600931,0.238868432917445,-1.24971660279146,0.48968471105428,1.08381928680432,-0.839524440638208,-0.218771103645037,0.624841080870718,-0.543575355492693,0.727999995413548,-1.13826674023926,-1.17590011995895,1.3499353766958,0.621710911486726,-0.123781022509755,1.29177195459554,-0.92534676652597,-1.02114245390981,1.34543560277341,-0.57410086655822,1.05538727409983,-1.12734675969383,1.52385975529389,-0.529854144529402,1.40514604780432,0.472595305387681,-1.30404288906608,1.28216226315369,-0.78918448094854,1.45992471007309,-0.676649896779298,1.37499120966861,-1.05543214308887,-1.13852075311743,1.09246932990008,-1.13448360450102,0.593664482281146,-1.17915262862289,1.32304273891078,-0.533630078763562,1.08973329969328,-0.701394566815349,1.44705331892205,-0.517856249463193,-0.908028555077101,1.01642845171318,0.50508447608747,-1.10463034303494,1.17076924091359,-0.91738478678858,0.475185982679634,-1.18912740290486,0.782908812260966,-0.872519027246138,1.15516225507314,-1.12512298668159,-0.826338651103851,-1.13563091200365,0.63132663911834,-1.23172930148293,0.876934951337023,-1.17907747744977,1.14891580808916,0.0640606337291222,0.241582381985017,-1.13247832934753,-1.14830869776105,-0.80635175305609,1.10216032063686,-0.856946903556037,-1.02613086288858,1.48739983406512,0.990040110515879,-0.543262602713913,-0.302351925263998,0.871093539605752,-1.10358653441093,0.785574032222756,-0.501860292449701,0.250467116046314,1.1330379955497,0.474919148901839,1.23788795089403,-1.07546402642087,1.29253114689997,-1.15760279782752,0.989088272991208,-1.17363101650475,1.55305901126934,-1.04086438195004,-1.10347099774996,0.460632810559671,-0.998556092922349,-0.902256281936672,0.937216294555882,-0.597137064921113,1.21683526768861,-0.959454753775283,-0.0016918182774704,1.3261360032829,1.25380313652481
"NPR1",-0.747681160628611,1.30454424894948,-0.635125957316724,1.03929138462369,-1.0160761098831,-0.990512058871261,-0.651802546446401,5.23969143595692e-05,-0.339378464869976,1.12445288233815,0.522405534219806,-0.753950398218561,-0.670798598706279,0.308320628378049,-0.494880128063753,0.811008717669653,-1.12114217686147,-1.44050915478195,0.642251185867342,1.69626271193451,-0.538454095189195,1.23134188521989,-1.12235034191187,-0.745513520820991,0.923671130364533,-1.34972835483747,0.905863705793997,-1.30576998887618,1.59211772920272,-0.514489089024258,1.21672959101431,-0.532950095542733,-0.477931271536923,0.987146391986806,-0.424438865388879,1.17634347784019,-0.36678420740797,1.58858385016376,-1.22228074968241,-0.827433844853739,1.27633869521728,-0.945290560840585,0.217255702387036,-1.35847114028289,1.14743152073066,-0.320998817036976,1.79839341270452,-1.35846872801843,1.43117108226754,-1.37647920186343,-0.751214555081277,0.545288712161059,1.19946079172352,-0.563007802074289,1.0383337933528,-0.770190404054921,0.539678074577701,-1.14384449592306,0.267455329461286,-0.814222847716502,0.72675058175353,-0.610444022499308,-1.33935988144239,-1.12494016457119,0.831580001474725,-1.28120639064013,0.520646603326878,-1.13289794613363,0.370486021259588,-0.119984006487659,0.677370227041728,-1.0620401525899,-0.911623065894567,-0.322562717187056,1.6591854468984,-0.652080171722147,-0.652617270097926,1.28300317692805,0.562458099641313,-0.772474201329464,-1.10103366534332,0.581301894279577,-1.30939326646621,0.587341259677255,-1.25243437534596,0.378769018128629,0.81896803070763,1.03307033746397,1.21040929662052,-0.973643780815505,0.874626977962933,-0.615739383366563,1.17614629846002,-0.975988919399754,1.40275806007773,-0.765112372519099,-0.808773051637044,-0.952063853507269,0.20077489983291,-0.854202066888725,1.36068680113058,0.716658523692329,2.12934151987486,-1.05664168151298,-0.22451227868795,1.1682943182374,1.76211645716361
"CLEC3B",-0.106657346431593,1.67208618182468,-1.25576553512854,1.4689699407078,-0.655042986574486,-0.612455173075251,-0.903486603538948,0.142287162354788,-1.36472920005389,0.634883799154238,1.18922346307192,-1.02533948537639,-0.377023020137912,0.801180058786858,0.0295238652845186,0.267263883947319,-0.897716630245312,-1.35480784011543,0.835373215612938,1.04939231290742,-0.542897958453404,0.34628734520234,-0.830786988781714,-0.533048041319657,1.05755350072488,-0.734662240195523,0.41822168022865,-0.987025673044225,1.43433097366373,-0.389381373643205,1.43763516982581,0.309608385972922,-0.981921659523533,0.753195061872308,-0.709342094222266,1.3209568636945,-0.877342048435126,1.60325166296488,-1.37798962141379,-0.945055619493079,1.02369198943389,-0.944512082643199,0.363079057222908,-0.971602376527351,1.4157136873551,-0.243994076967324,1.3238136599971,-0.82768447759388,1.74704898969696,-0.617210669806226,-0.954935895094648,0.918119571438709,0.0874367654598318,-1.30355367915787,1.23230488446628,-1.29566865838756,0.313619474649888,-1.44201044108293,1.25395401713489,-0.893001581468267,1.00900999748552,-0.997113543717595,-1.07373181055201,-1.02118192755381,0.860175423227987,-1.28733700678633,1.09714351145781,-1.34385582559074,1.25255904882826,0.194401484637993,0.864943310740626,-1.17084797537186,-1.13974504369984,-0.846266010654686,1.39618057279194,-1.01503113090226,-0.558203534648887,1.66353865322477,0.806700446786698,-1.10430321664206,-0.318998897169198,0.956898091246833,-1.24293361847563,0.704353285041683,-0.730730788872509,0.083410399380697,0.609345313817109,0.187073401079487,1.01276503071201,-0.689574029068054,1.20935351433242,-0.813877856997799,1.04394485365863,-0.989640427480899,1.51495989544511,-1.14952973500093,-0.453637375506794,-1.21871598783217,0.0715889409715429,-1.1294069992495,1.14074761960636,-0.120769923008849,1.58389420904986,-0.626348627048061,-0.235599736643354,1.00690096959165,1.51413750863329
"HIGD1B",-0.606815803844953,1.07415190047222,-0.95381949427093,0.903566779529972,-0.481569958501137,-0.995856406779636,-0.903068780165154,0.515037788726135,-1.33541240221389,0.641543996359282,1.10905930033575,-0.854238278127152,-0.96193107918805,0.396678317794675,-0.998529054337456,0.666130035588165,-1.13941538614804,-1.24014887383287,1.35874172439676,1.58850771054221,-0.53476962555129,1.11498494811705,-1.12840810405863,-0.274588211567676,1.29304787455527,0.00674722057118551,1.14261954136093,-0.927996237531846,1.63589106966779,-0.371731760270594,1.41937815706953,-0.329219693241755,-0.66679689513701,0.983251002696577,-0.484827200681054,1.47556577065441,-0.683109076148658,1.16492040330512,-1.77164885027799,-0.801253246686449,1.10630112907964,-1.07884572076169,-0.0398715245867939,-1.2380805863565,1.4627247366971,-0.0941315145512751,1.30024925116587,-1.03276454333744,1.3933718525235,-1.09519468913813,-1.14746685953503,0.670500392991059,0.450416593282421,-2.01104850944049,0.594669533509971,-0.742052092374426,0.846109938547163,-1.19412372426426,0.577895446177971,-0.687524108633851,0.220828448786555,-0.820450804886802,-0.777692647666652,-0.959592655853104,0.821410456001828,-0.929700119054218,1.04604542518767,-1.1744631715551,0.660096947333627,-0.28821436887714,1.10536106747705,-0.591078009588209,-0.854433811742453,-0.672291199524787,1.50980667289732,-1.41913712318547,-0.742429734657059,1.56878347572578,0.584371287317078,-0.860510132075451,-0.552917625329394,0.992307219607785,-1.07802122872984,0.630083657229919,-0.877087920762693,0.84257714990378,0.612369171946174,0.83127958530073,0.41462794807242,-0.595227170594545,1.40347965254699,-1.00817197893489,1.77506065163292,-1.02759674297009,1.20988188493405,-0.88325629128667,-0.473464824892772,-1.10158379836,-0.541058696619437,-0.51361633021698,0.890454294654825,-0.0229339649688525,1.52311969573563,-1.06296107250545,0.260956550804436,1.29224524917575,1.54694080839005
"TEK",0.00978442577826033,1.9512799791962,-1.21404115470881,1.77246509165924,-0.742025056174533,-0.42493749030013,-0.938516774463046,0.0865876109284364,-1.11179765999945,0.18838749166017,0.306803733380777,-1.07041594046554,-0.815503916651266,0.280204430156572,-0.781273947753609,0.803390274851074,-0.95307433846657,-1.22350323367097,1.14083013849071,1.30378900076397,-0.578299467416815,1.07814957638367,-1.18569591833488,-0.23967471635517,1.79306931340372,-0.568290240971174,0.498643123134116,-1.10018403609063,1.47241964916723,-0.469751191083857,1.23712097563921,0.159279644587715,-0.594313640844645,1.57357088713422,-0.704319338832231,1.28305021103073,-0.853242502004462,1.52699425682599,-1.14800194008823,-0.912598773675574,1.01154981794271,-0.506251939611061,0.633469283120112,-0.577377108861085,1.36560763935047,-0.597158301626382,1.09524794107034,-1.26230645265099,1.62686944089129,-0.933233453692923,-1.11420361005226,0.617454792084728,0.00359375850844768,-1.03949941526884,0.770665593105825,-1.08165282426944,1.37248980163699,-1.02780506003671,1.04704908721083,-0.441148789477609,0.980297655137677,-0.827938076757072,-0.813933145523428,-0.628430934820912,1.2246872081721,-1.35731702541235,0.852429678554093,-1.01396721077228,1.07441460627066,-0.498137675645929,0.373476344875142,-1.26478919889867,-1.38124258223993,-1.05485513943453,1.37775190316311,-1.15737828613659,-1.02427415131899,1.14715542401286,0.653973642785487,-1.07998428464989,-0.441870485621614,0.839058550673618,-0.643218563245376,0.429344926494725,-0.458317832771484,0.351573701207188,0.179277575369003,0.915085174432082,0.802148103701836,-0.802753612464871,1.47492776541082,-0.635820161206623,1.25388569359241,-1.3420058704734,1.35115962809869,-0.635707230596584,-0.649704405941221,-1.27227063054473,-0.344483371372774,-0.831538410406311,0.471962735284632,-0.638154361090969,1.44782779176055,-1.0866733473724,-0.140589688158954,1.62857937147669,1.39661946720962
"TCF21",0.279415688277255,1.59139641897737,-1.20085522413318,1.32391491845745,-1.02988462181132,-0.533043795651402,-1.14512701074874,-0.518054287685907,-1.09049502000967,0.162811772971642,0.845087436481426,-0.955209801714821,-0.547700437962009,0.434262213471326,-0.630423532641676,1.08655239968293,-1.25112778988757,-1.12961214834337,1.18858623316987,1.29847639674918,-0.43583026115575,1.05390365979664,-0.653995855303152,0.0173299219224478,1.53149222121127,-0.526061363877458,0.855281240748718,-0.83420959116381,1.15630553465834,-0.60500468277383,1.29718963712372,-0.406515523665966,-0.6585353729147,0.958256186506405,-0.665150717954854,0.587236258265363,-0.346510496821135,1.57751079062897,-1.39411752130514,-0.927119843059886,0.878065879730128,-0.861992258194263,0.626876256988042,-1.1812957542268,2.02233415233893,-0.555624920347174,1.05863519277064,-0.997862599107067,1.63677617200709,-0.990439881537219,-0.796490474626023,0.716045397831398,0.672875237485129,-1.30793163203694,0.601225307468276,-1.03404591521124,1.06311493936924,-0.941723434406215,1.12236476513163,-0.680194951581423,1.00281536716393,-0.90940247867841,-0.673620310957572,-0.974212934936262,1.39431520078184,-1.3225587556018,0.75664274906056,-1.31300259054459,1.65908076266035,0.321517466483527,0.489964309239903,-1.35684664590457,-1.45385385747159,-0.761655027925491,1.58078853937189,-1.18772003854547,-1.20975661959679,1.10500351726317,0.89201287866434,-1.21287399149369,-0.59834888207682,1.03725533737011,-0.506888004069816,0.950044375619618,-0.579850459804669,0.378416178115628,1.07341107732012,0.0880047439614664,0.341159275767114,-0.698384593215987,1.34345599859132,-0.446229342286304,0.872722869811042,-0.595833040290681,1.32415848584904,-1.49183168950477,-1.42726439170916,-0.947758853845593,0.290083810192081,-1.10953054794791,0.683549752730377,-0.151803684719575,0.80684706684543,-0.877128659676732,-0.124431427546223,1.48747558916159,1.24092596796491
"JAM2",-0.258103129220442,1.43621153092714,-1.36013664996932,1.41754667294877,-0.498347230102265,-0.363068326395414,-1.27720429177995,0.443284892195697,-1.20113495593123,0.179334572618139,0.98037524697955,-0.851218624295217,-0.947305436312203,-0.0806804707241227,-1.256188952365,1.22886538793848,-1.03807660489879,-1.69951401733342,1.47485100315112,1.04121245200209,-1.26528978052485,1.15464572961304,-1.04968636602018,0.035592084272019,1.49292013930557,-0.952629199326318,0.790572145649934,-0.710526165884233,1.13488843790074,-0.371053066120243,1.83199255176323,-0.0784982549480229,-0.172186899942619,1.28793109490361,-0.531468046294788,0.623550599116516,-0.46399172640359,1.45943884718801,-1.12783022789838,-0.882362308048133,0.961199254418882,-0.317655144950839,0.842250240513438,-0.775693633023505,1.48287337274041,-0.806812709537023,0.547477136752238,-1.32984909912678,2.08230241820781,-1.28084811775506,-0.790183783681296,0.245691276921622,0.425361120518257,-1.18914072366277,0.93617532323021,-0.881977448062963,1.52709722498809,-0.567501327715576,0.755818446429899,-0.753825907578898,1.12985085512513,-0.602590530941727,-0.720213838165054,-0.641571805658769,1.22872185376152,-0.973353982348552,1.11521817344665,-1.17486700167083,1.70854006792533,-0.269469719278271,0.494875837857675,-1.12140902457222,-1.66995922268332,-1.25257525789126,0.748084098883249,-1.19999135087352,-1.05695663874807,1.33314429162249,0.494050799340646,-0.779668839940404,-0.720420809322014,0.841490062031813,-0.462816657671378,0.711185843662194,-0.711752386383281,0.832213939215078,-0.375295970811499,0.991853267912677,0.933749442865273,-0.524712319110614,1.43754515702189,-0.230285801241325,0.935346028201456,-0.794282439791864,1.40324886140129,-0.892536935623842,-1.05122807801779,-0.938431364035959,0.442175344983818,-1.36889684445123,0.370756909678353,-0.352884358652494,0.72837813149907,-0.811205693079619,-0.304604292317767,1.27116186981983,1.16091974966624
"SPP1",0.964395573578873,-0.768730496325883,0.418579589904366,-1.1188219548991,0.776551692613451,0.165375786187154,0.585728479949981,1.05593745990431,0.747850583431753,-0.836644841107658,-1.18198575437781,1.3589662596198,0.779518744479471,-0.602880635324806,0.620070555964981,-1.09795814951091,0.945781833722559,0.673738397019863,-0.895910243850091,-0.638310204897124,-0.216671998518096,-1.35000790289919,0.983150498691658,0.750156927835757,-0.94418268272067,1.18595437320616,-1.00935439100224,1.08061666980529,-1.3459135021613,-0.204224536529929,-1.34087214467853,0.577251905491411,0.890102762075918,-0.941086425201848,0.907375096393202,-0.722000209537617,1.42208916118767,-1.10280863148304,1.2334285524495,0.70174137683326,-0.986368211058299,0.853033718445916,-1.01315975509125,0.691440701821756,-1.10101280694546,0.829273650280847,-1.27966688407413,1.32752527546459,-1.34603460533976,0.968097118537562,0.865617113334878,-0.85735324919998,-0.903271693078543,1.49334604876735,-1.18179986462663,1.28840927324791,-0.917413370761703,1.24826869254116,-0.945984214468088,1.0938730724957,-0.945608665705325,1.00960709328492,0.684815387918685,0.785512651895811,-1.19290550928714,1.30801350419148,-0.480975565373069,0.905391600011252,-1.20980273780154,0.563608331263357,-0.0704470911898272,1.48438549553154,0.494798940532303,0.61968385609757,-1.70155583691237,0.632300042321555,1.01443799314949,-1.3112839230409,-1.09597671781414,0.13609722139063,-0.309287954665971,-1.28089349984332,0.837749269094506,-1.3155422291854,0.16537398153582,-0.573515679408068,-1.14106808301412,-1.08761409929446,-0.947652780325562,0.662972060442154,-0.918831602768881,1.16251551247102,-1.04078889563887,1.31670388061529,-1.46674673800752,1.30396597886183,0.0147527811409234,0.312867569005126,0.491774299781348,1.48230945334804,-1.13964234775888,0.827809179825324,-1.55744142666304,1.07825519740454,1.04418082500892,-1.11091280465483,-1.07420550338459
"PECAM1",-0.268278501738985,1.50025249415381,-2.00168262460895,1.18447822490538,-0.680130659234785,-0.217104677921467,-1.1031481037062,0.446754917192173,-1.25467070606896,0.630018203494174,0.483614912102563,-1.74038707777495,-0.59710654216407,0.519272874496515,-0.366677438952565,0.70155889714786,-1.40147720075789,-1.21118604993105,1.43039007732592,0.873270435540403,-0.800158425010894,0.710661366083887,-1.1958758616774,-0.984433038168768,1.05222798093873,-0.0552011252954598,1.00981440737813,-0.327772774649698,1.19598739996758,-0.963073716424492,1.53998817649316,-0.277106021036494,0.0153958308247847,1.29572343008455,-0.774243777074953,1.36446215040592,-0.856287214812405,1.47407610598779,-0.969015437241823,-1.05104140927159,1.00161529089961,-0.563565012003732,0.199605367640794,-0.776898270968907,1.40190276208522,-1.10466856830882,0.712207302454639,-1.0751434206729,1.15148275064003,-0.834907272830723,-1.24123632673947,0.86324611663893,0.496494578072633,-1.5007370939831,0.810938140344765,-0.799697722747234,1.28247412931013,-0.356652706148411,1.18895813999942,-0.114009344656528,1.10459111469264,-0.571530983014579,-0.244745315807571,-0.887295833020556,0.629224899875857,-1.24272035706581,0.767472780941162,-1.31775612380187,1.07554220249673,-0.468170249437276,0.406401169746058,-0.534197660823256,-1.40281161314867,-0.730567899869089,1.29016335710417,-1.77364107072784,-0.657893628275096,1.68489293322589,0.623266544112651,-1.92713994013753,-0.0615226116780229,1.27244113816199,-0.859793821982843,0.424986316650501,-1.09954732677731,0.700580726853235,0.710533943186897,0.932331372053089,0.683120271792719,-0.888366385408241,1.36442170620103,-0.0489101395986027,1.47955193006281,-0.830131000460185,1.23528399069066,-0.963667129684641,-1.06725140421644,-0.559791185320096,0.0550592181624014,-1.06302002290049,0.628446358786516,-0.526552927567491,1.27059412700965,-0.466715657446432,0.162447027735549,1.43721087816493,1.18187794043693
"STARD13",-0.0346731471686843,1.42505489374852,-0.908833156284962,1.00266982089098,-1.08466064148199,-0.978822294177587,-1.06486987810762,0.387884627425493,-0.970458933234438,0.707510514965012,0.341279064354136,-1.09086199710774,-0.533400856039738,0.104667457618723,-1.10331659135768,1.25168277002238,-1.02131656793478,-1.27991796408134,1.3360715519527,1.52982182625144,-0.938044263001286,1.5545268997613,-1.45748905283084,-0.058808141506569,0.976201178784886,-0.343009660742068,0.936485992758341,-0.947712733045725,1.2315354219873,-0.112634505444575,1.63898890592512,0.396038676715981,-0.360326087931327,1.29220940714226,-0.749471826265422,0.924378581640564,-0.663581490529552,0.828025230792744,-1.53963068017529,-1.11519295639023,0.556550216557627,-0.709358771306659,0.336789423669275,-0.847235472417355,0.917634802712556,-0.918814865365986,0.411166362624246,-0.57013128122711,1.08861745342685,-1.009454996225,-0.846865517574112,0.341417158841186,1.01480632862458,-1.38413197578875,0.708284169214016,-0.809728458671195,1.26130957286789,-0.294509742485939,0.999801172157114,-0.395716086664851,1.39338690705599,-0.745891437218991,-0.694874472431697,-0.71071335727237,0.499334576636571,-0.869488761379949,0.746893246627349,-1.09463128968228,1.054984302253,-0.564347439737583,0.830636734223009,-0.986822691270552,-0.992498017582807,-1.98022384507483,1.0746143373418,-1.64543927504564,-1.36428947613143,1.18689998091364,1.21871482687654,-1.17386273753935,-0.910184639218076,1.11861622278708,-0.146951174739484,0.156299427327934,-0.500548529100852,0.620970385130427,1.01454496671781,1.20457271987281,1.20857414862866,-0.482683858405878,1.43752002950636,-0.384522061627986,1.39744861387059,-0.55014435337507,1.73599470495485,-1.75977293040125,-0.878387456332919,-1.38681964069661,0.131057690565926,-0.875651706890628,0.548088898083808,0.142889562659221,1.02853299898342,-1.01082159378781,-0.221205114764089,1.49802976960547,1.32374191821921
"GPM6A",-0.559813801418067,1.69943183556134,-0.796721767507343,1.73411633805595,-1.01528662462336,-0.793470457316409,-0.84167067059468,-0.0554936301694605,-0.920100503485674,0.370225491336884,0.237735523675564,-0.733918117230761,-0.581629056783765,0.150281081432559,-0.848289067571765,0.988686712958931,-0.880288777046638,0.370770218199641,1.47158680450902,0.801322830771025,-0.638607257090857,2.07363723313406,-0.943975910002752,-0.794188494315294,1.74973588196694,-0.91254338629112,1.13835664279752,-1.09013356722419,1.35637772683321,-0.466863418684078,1.39349717982824,0.272949821144107,-0.709020830112137,1.65569967869449,-0.789151090233809,1.34496283232843,-0.811003483935506,1.24726780887094,-0.568490730319866,-0.623928140762304,1.15690666841491,-0.97577190917929,0.201220973974378,-1.02525261848804,1.39642963961013,-1.07665052868245,0.908944198444919,-0.691852553815644,1.5116161060321,-1.0019119962028,-0.971967804952005,0.509727590581105,0.648727434295877,-0.548448137195849,0.889462598108752,-0.846906234149653,2.06580406045728,-0.946540831143651,0.575692777773064,-0.884998545847822,1.11476109681942,-0.954278704272842,-0.743927725708537,-0.904015418687777,1.68040640700973,-0.955222461594724,0.948175688984814,-0.999500539598438,1.43591530026034,-0.726427949266853,-0.437020968632203,-0.984074384989683,-1.02275935694089,-1.14450190529572,1.30201059122005,-1.04805487623738,-1.17994452883344,1.43651660625203,0.945910774911857,-0.908872911073723,-0.649342752543135,0.826813627418262,-0.86180442076572,0.552144627541556,-0.758098144226745,-0.243881239456506,0.71008433450712,1.09480117868921,0.729600492615484,-0.95134869977244,0.627203498079001,-0.90971605284881,1.20236808192406,-1.07458041412469,1.19406441058045,-0.795623029040438,-1.09680893302745,-1.05199293369762,-0.205681405945403,-0.850717297526065,0.171439628324085,-0.702022791215431,1.33665768466813,-1.02199679057916,-0.47833333856529,1.07688743486311,0.698504762384112
"DUOX1",-0.434139218043566,1.34717938760599,-0.894973633137006,0.514202274870211,-0.856913191306619,-0.937297031625593,-0.156005051208403,1.1416469849495,-0.723696916138476,1.84255169182589,0.578432016729547,-0.699570072101506,-0.129081205133838,1.20746802553484,-1.91229017054719,0.449954197396619,-0.405564906432039,-0.961726130128627,0.839114059635043,-0.00809610558622883,-0.0510357015109062,1.26898511376525,-1.22891461043856,-0.967017108797356,1.07333534366629,-0.624376744314187,0.729497013101363,-0.952429805107886,1.48665175078873,-0.914587079464221,0.984827505320523,-0.478730597960595,-0.960771467761697,1.2617003310087,-0.96124803250601,1.5089803207004,-0.573324273346704,1.42016870073912,-1.06189261854993,-1.21692605679894,1.71345638770099,-0.954416891702319,0.787434828857,-1.1686407127011,0.481264641127599,-0.452108880317251,1.54024780046327,-0.80807021505372,0.939686687968378,-1.09805714035213,-1.10790836731863,1.10835165941541,0.0783892835710876,-1.22083954830352,1.50207318988959,-1.30367100898409,0.195606528147451,-0.830493436313179,1.3078964642803,-0.654203289827766,1.02063259048526,-1.24608990456707,-0.848408486216778,-1.11582878224756,0.557668392804223,-1.28405789083851,1.02596921995578,-1.26308721049149,0.614769556543666,-0.520422613451471,1.04975910984319,-1.62331142495581,-0.565285031295793,0.107415998065665,1.23564417589455,-0.499794484346755,-0.857003933119084,0.576344220930843,1.35887155149173,-0.0367297165908225,-0.639613284573277,0.403400987776408,-1.47817633351755,0.882948217312088,-0.328967858228497,1.57693560501569,1.38020220289668,0.670571103009398,1.14896026058279,-1.04353033728384,0.296058885686977,-1.35241649810527,0.568748093649867,-1.13790469731387,1.22029502759635,-0.37733706050858,-1.08775591334866,-0.692405393183519,0.111808347493952,-0.49461864669009,1.67911000360619,0.569267762310076,1.11518936139655,-1.28524470201836,-0.51001696167112,0.779306925386922,0.738044594589658
"VWF",0.212594219945872,1.33444789842016,-1.6321197619938,1.45939538989606,-0.525088512073688,-0.0355796414551712,-1.16979506042404,0.83273797933224,-1.69587748184224,0.484684765230902,0.776020459827877,-1.48938636396705,-0.942523426522304,0.265223096504869,-0.81550943219789,0.702319197410359,-1.18894879195081,-1.3394927911812,0.848389941217077,0.864300176156973,-0.42297086829481,1.05458816546811,-0.96673678157927,-0.407572860464906,1.34041014411237,0.366370304302764,1.1574644628991,-1.44494234415923,1.023179600522,-0.483998070550691,1.12266860388231,-0.132540973635124,-0.807655734781478,1.31769605744085,-0.612607636717586,0.984121881434295,-0.925710184808703,1.2497802848472,-1.56951514976386,-1.74233378607234,0.700670663434747,-0.488857031601068,0.392663415548788,-0.828676911327357,1.25452850531566,-0.391841777335036,1.09507975319115,-0.574527015747381,1.14321839860681,-1.18223449957329,-1.33627507461151,0.668791122558688,0.436960278825628,-1.67981192840688,0.74142532397759,-1.21303346366,0.936376627574029,-0.936296112443079,0.724097779196635,-0.681697807708822,0.511593531029748,-0.62012231153933,-0.310242821233935,-1.46941782548141,1.1155865864746,-1.02052462556806,0.790026622578422,-1.01738992286049,1.16405552506059,-0.262488874203706,1.24387634565671,-0.841948869276695,-1.87182279208926,-0.6503058078621,1.54677814920418,-1.41645485534723,-0.574498768856036,1.20078863690639,0.590311501248461,-1.27613688178586,-0.232929353602253,0.934717958134615,-0.886368159656233,1.21833733340919,-0.367573433840316,0.897941648406151,0.463263233924132,0.402670877743479,0.650893004759085,-0.345462359976719,1.03077592572589,0.177323885663269,1.73361928480238,-1.00449822449937,0.943287587356258,-0.690915677078228,-0.440512763160551,-1.4217917137617,1.06675982503318,-0.746330610576485,1.08791623435951,0.277356972700213,1.36534328260845,-0.709540141936106,-0.470087069244192,1.09856119831205,1.30953149210889
"FHL1",0.116273801582162,1.16806406288512,-1.6310622134666,1.22814457051984,-0.64368480538095,-0.547723634495109,-1.15999811524263,-0.313849893021666,-1.46085973749073,0.503449147260802,0.917826664408058,-1.88979872561133,-0.605185557069594,0.503964757523115,-0.955148278200945,1.25430936544249,-1.47509203382986,-0.867474921288795,1.15091463253603,1.24193903183988,0.0525938160977396,1.10433064174423,-1.22523092267918,0.219925758797426,1.14592521549422,-0.352750091002528,0.901251733447503,-0.82440692504571,1.15915886674777,0.154924871987376,0.937169579067534,0.0135456579699688,-0.772053539569439,1.1489954354953,-0.614924743154841,1.01913921526122,-0.410190688006123,1.01306389692215,-0.954157602554523,-1.40216856040194,0.89070674712294,-0.750201917526962,0.757776202873556,-1.11744487576602,1.20688231970051,-0.516876339495821,1.12982610672582,-0.876839860229662,1.0620622445054,-1.10599514837502,-1.00331967735088,0.924497489123755,0.579597635759392,-1.63839203505024,0.900433045212315,-1.13427751099637,1.3925223324818,-0.993600470163383,0.839925580978587,-1.00629694629883,0.908773995040748,-0.655113049996442,-0.54803361486344,-1.1120920294831,1.32586072501196,-1.98773863652401,0.888039903028931,-0.794966263533709,1.16531487418018,0.0422247876442801,0.420555607036609,-0.860881501759444,-2.2490950045822,-1.44965691594294,1.21511036740189,-1.54076489593116,-1.07738336348743,1.08163466398774,1.04269796810407,-0.34740914079611,-0.268784797896223,1.14034204497679,-0.709342832514199,0.963360723152725,-0.496537039740976,0.499667395531664,1.01864928638965,0.727550666725641,0.916797774128799,-0.520019993527784,0.902453381857957,-0.190644937354113,0.956256855376247,-0.50542083240072,0.964026303833325,-1.45223080481024,-0.87944244450358,-0.71782209179574,0.998167132159832,-1.06749197481752,0.845003185634637,0.27382480715557,1.2081588907165,-0.549803205977995,-0.163247693046422,1.14453859429327,1.10477847316815
"ADH1B",-0.679130653250264,1.61893728018445,-0.795817648665174,1.85532017161076,-0.978793436265929,-0.473360327659585,-1.13317995190392,-0.77086483869037,-0.889419849561584,0.143075300209013,0.802719202449432,-1.02933117973078,-0.821257577687261,0.283517393360909,-1.08166738804327,1.37170750962135,-0.85171838527772,-1.04773252090134,1.18749193966544,0.757096465332157,-0.316191865620565,1.18018928623163,-1.08828054868216,-0.160534812264821,1.73149407604584,-0.62327260917546,1.10781543247612,-1.00937168988718,1.25684540727665,-0.808226856893449,0.451666358912991,-0.028434091332009,-1.14873251958389,0.841698807608599,-0.766207996966972,0.574358398768242,0.000248088625428067,1.06237972180113,-0.841674900723757,-1.10265636009088,0.834050554958214,-1.31063595602049,0.75167100547654,-0.991616350029009,1.92822874868508,-0.984181907384792,0.117403576325954,-1.03734902630556,0.38561793104475,-1.11805402532831,-1.18922836148296,1.28883003298558,0.704701376966345,-1.06884581196824,0.957268676461105,-0.832831019740335,2.04226034963711,-0.983656225782679,1.15975534239242,0.163274272894542,0.853575712277705,-0.930063957044735,-0.680328107579075,-1.06820215934722,1.48541591505261,-0.879682663476475,0.300327558604028,-0.990797006353156,1.83135635441829,-0.648449691092048,0.404095973207935,-1.21876240916151,-1.13810527346554,-0.951986709860575,0.90691874348192,-0.823583477918259,-0.885297171780997,0.861431657332597,0.671494547980233,-0.793311043628237,-0.646754214469371,1.28448837326352,-0.536926810030811,1.75376899042968,-0.730789770179183,0.968591581119052,0.699564675474534,0.668945924407761,1.67342619881734,-0.377807913986726,1.57612855959361,-0.458190542797525,0.701361475949369,-0.899862534847761,1.36529867022967,-0.98293697487332,-1.12600744623297,-0.983651259028322,0.531362955494623,-0.935978553369206,-0.0252700705031363,-0.378915790212721,0.512962979522413,-0.875973878071443,-0.266128721726628,1.70315385592232,0.882727433350722
"FABP4",0.00198482211200283,1.40128787206792,-1.40092475783947,0.962094061824932,-1.37091011592774,-0.517547892880823,-1.18074058539879,-0.570983013988987,-0.992152344003652,1.17735903307392,0.829896914222695,-1.15831442000859,-0.117777859467772,0.980792297658011,-0.526399008229158,1.02321129806411,-1.12508710498945,-1.09743067664326,1.25926831174657,0.118459097400284,-0.397756614170129,1.02440397968035,-1.4293450445712,-0.907157852809139,1.20354222167672,-1.036663056167,1.33295614780893,-0.53204551332562,1.24860082625238,-0.70019476485162,1.47185717293338,0.0243935836915604,-1.16673599348443,1.07930217404108,-0.844566075127047,1.25337512510285,-0.92070594337193,1.1770418774308,-1.06761988050779,-1.13937276219864,1.14736715864125,-0.622908861923002,0.796372255954813,-1.0965863447217,1.27222180928621,-0.706757848738672,0.907915939139342,0.617514251866573,1.27584104299922,-1.1835003221362,-1.07036096309964,1.31506548858565,0.606758322066929,-1.00586489062801,1.04487606224065,-0.76423344611451,1.07232614737995,-0.893483534411445,1.52915532547974,-0.750203183463763,0.671356741531775,-0.442293111367682,-0.57789940032226,-1.15043452521549,0.678369533222301,-1.3780832929188,1.11774299465927,-1.10453767611867,0.787823667053387,-0.630023256514019,-0.204532912928029,-1.242422549611,-1.39794719721072,-0.982414382107252,1.07599039685205,0.597950864786098,-0.468043442535549,1.0135938070016,1.28832294863507,-0.667260291042572,-0.764844390205171,1.20164173573498,-1.0842199696623,0.646736036599847,-0.389511436482587,0.789498407847998,1.57279123216274,-0.348105910733223,0.772300527644935,-1.03460655785772,0.848055627298426,-0.629156205238798,0.985546226507303,-0.861444121786104,1.13424625874751,-0.726872173088515,-1.39783455323281,-1.46501690688488,0.433712033872563,-1.19534553011379,1.13159640942061,-0.202875546328428,1.29395074683313,-1.06911817183577,0.164839227782987,1.07860235205362,1.2692657898643
"FOXF1",0.116985909879361,1.48286144008538,-1.18315090117629,1.68654336587062,-1.01964914796982,-0.74420961139498,-1.18095216073471,0.324069279584016,-1.10952737992541,0.804330969367134,0.482036426544731,-1.06039351087769,-0.677476577143436,0.0784869975144672,-0.332308316682023,0.952212861480263,-1.08846117197997,-1.31221256789629,1.56243629893933,2.10594554547164,-0.2615879688014,0.801740514749902,-1.06621897730113,-0.67398210804612,1.45175277537298,-0.459026607301716,0.561792872610261,-1.01091820333328,0.957409700730892,-0.501286777908291,1.52161205259922,-0.399850239276718,-0.400749119229545,1.37954075852278,-0.570037044235527,0.888488002358365,-0.850984239349537,1.86766270390964,-1.18035679449906,-1.1661808083447,0.700434655292546,0.178886774185969,0.348668369612461,-1.02141450468391,1.41360093618453,-0.752445505413134,0.816237093076932,-0.752104538397769,1.2807726059124,-0.637947091807354,-0.794429371235251,0.868450608089755,0.671352316989136,-1.21647597174815,0.601656345923028,-1.07903710040963,1.29144098520588,-0.780485484508517,0.912725633454839,-0.966607174156534,1.3826536184362,-0.850791589051536,-0.536813679832276,-0.584639087839071,1.19446562840802,-1.18397298223606,0.20464338831234,-0.957220763750299,0.979226476690323,-0.596535058771843,0.554754091193362,-1.36395271087486,-1.24597811320532,-0.827015631358798,1.50227605370896,-1.25046976213075,-1.18638769696591,1.58018809666682,0.784592675049602,-1.04185100630586,-0.719497791932563,0.51861289767756,-1.04811848408728,0.156612552226352,-0.528382796427156,0.313186394602886,-0.2607384677573,1.50695707486287,1.30708102601873,-0.662802376985811,1.66322076933391,-0.39677941925098,1.10922060764731,-0.896837009291002,1.37418850564578,-1.200883269413,-0.274263387572493,-0.811033190768913,-0.279312098061153,-1.25904565391971,0.0716733062225111,-0.45644075201672,0.737384091253933,-1.02168613606896,-0.275322539320808,1.49109508899226,1.42507128849618
"AGTR1",-0.0892644132001328,1.62119499522843,-0.704294862765444,0.97181600574547,-0.71421846288794,-0.678966122751774,-0.927886485210527,0.222379491051239,-0.794675906818361,0.791261173889872,0.183712133369037,-1.16848755315473,-1.04395287131342,0.0758593927460828,-1.21587672291096,1.15191331747354,-0.972541361807614,-0.962564683444738,0.976971297319216,1.30941292988876,-0.23038812662935,0.632616064448031,-1.15274891360055,0.0781171605621719,1.60038744271111,-0.0793837183801598,1.23609108820458,-1.17498538225823,1.03662414152594,-0.649749650915742,0.81350474574947,-0.554814262041765,-0.864481704275979,0.735330326044235,-0.803163623335203,0.71977294291215,-0.882781676163157,1.75591889810227,-0.944022149167453,-0.990973369928993,0.86770080854762,-1.16908700889282,0.567206073523622,-1.31133491809593,1.42567133528385,-0.361002922733503,0.783947893447755,-0.991223544011287,1.17562430142401,-0.988924641733547,-0.776940690123567,0.875514364065377,-0.143635909319234,-0.715883206793635,0.514041618460307,-0.912925780436389,2.41007168093769,-0.594733345276171,1.04323224932705,-0.875351100484137,0.816576666009101,-0.659001520768839,-0.72994351938263,-0.364692590807414,2.28453440976337,-1.11922899669462,0.916038080867987,-0.59721931663587,1.20398011431695,-0.940705716086848,0.687375593984771,-1.11246184629191,-1.16266459192488,-1.30234253281336,1.20605377524185,-1.18390462847161,-1.08976315579889,0.559591165421796,0.720796457611849,-0.446688446479896,-0.249443722372198,1.67735371771739,-0.461430733276842,0.909931289138011,-0.904611849606716,1.10764134762623,-0.200414978456754,1.86659812837548,0.219924425876556,-0.620909699943429,0.65109808942687,-0.813307806956097,2.13099437038875,-0.997536031020333,1.02822600491576,-1.37683033643046,-0.794525382211929,-1.09817160003942,0.505138341138605,-0.516135056640599,0.276412342045182,-1.01216824481287,1.39190844355731,-1.2612840460826,-0.0864195281050212,0.925517457831404,0.881486875730354
"LDB2",-0.0551031745503592,1.68296654123682,-1.62732974863869,1.4165979572467,-0.765161251329387,-0.360797954577245,-1.09968375101765,0.406636394193621,-1.37935718433304,0.364425468002033,0.164691270135326,-1.25209067962959,-0.99744294024397,-0.0510367468557664,-0.969721337489504,1.20640555852939,-1.06201447758263,-1.11787447910545,0.798173041237624,1.50408343150309,-0.165230252415987,1.23404311948039,-1.12994977670301,-0.453178451688093,1.76312765236896,-0.0210213717272692,1.39498591041639,-1.23404930851658,1.24200623846482,-0.537617256069872,0.697376332502017,-0.145586427286652,-0.40430299100386,1.84062379133241,-0.531246424230977,1.34645070886304,-0.752619459161534,1.23789517240425,-1.44971194541074,-1.19008491372676,0.723129014603188,-0.0784659093990486,0.424175843792556,-0.620073700195511,0.893978132227687,-0.834340025917015,0.6492138993783,-1.13578801889134,1.66306804176543,-0.729132209803082,-1.11468544658863,0.530433755624012,0.351500306093207,-1.00837531131564,0.484474319242296,-0.913467502781119,1.71911794270425,-0.887697317214371,1.22312130803942,-0.628308302043001,0.934808137824196,-0.609414920065593,-0.305902193860498,-0.494805858490631,1.01387221442193,-1.47702250007236,0.715864286861031,-0.774125405509398,0.630735588477378,-0.542790868337087,0.481651879205935,-1.23831701845058,-2.15420002459912,-1.51786999390498,1.33010546821085,-1.41382208917912,-1.05201994022477,0.964476427814905,0.653144570812672,-1.08704781189496,-0.206887736612046,1.06338006585115,-0.758820520128987,0.810260900739871,-0.50279458862733,0.962139746821591,0.319278917185369,1.03981519270677,0.434224823284657,-0.773359988586328,1.0578052557493,-0.144622432556691,1.52300575427493,-0.65648259666238,1.14643291589861,-0.647516629374379,-0.354430106912108,-1.38514922833746,0.580806217495202,-1.00628463188436,0.423038119331582,-0.332298524488135,1.47225123480149,-0.859237511790775,-0.14165249193728,1.28279795397796,1.3368248367961
"VEGFD",-0.416184127255871,1.14718252789059,-0.665297956947234,1.34510620855,-0.261976278229523,-0.461026097536161,-0.690664164731222,-0.192778537317637,-0.887640172984919,0.319987023944373,0.893400109618484,-1.17465776049402,-0.593082819309192,0.348617447395563,-1.05018107977165,1.26358215956538,-0.862274950983801,-1.07866391952599,1.02369078854863,1.72781839122563,-0.324100664241653,1.1290600579671,-0.978683247280701,0.68384668713205,1.3426725041968,-0.198647053966,1.34269291357892,-1.11289082309614,1.23076886793497,-0.5973142947004,1.15221205313362,-0.201081558183835,-1.00441477329249,0.865125803523743,-0.707616172545814,0.773995858933699,-0.553932782898443,1.10866550768246,-1.28065676757195,-0.864441241789324,1.34661007199844,-0.946775261591858,0.566858276694449,-1.36098208030807,1.36036948498266,-1.32756068135589,1.01336726243922,-0.77054989531143,1.24599983066881,-0.987787306564936,-0.95800559971926,1.03961829949134,0.760956559988085,-1.45827926427953,0.982738183993235,-0.894531124061486,1.09268621712448,-1.19648679897728,1.2781869316544,-0.852093881945347,1.00696886564669,-1.22893269467426,-0.836517872314606,-0.985893752950813,1.19240469610083,-0.985262429436581,1.08144759869847,-1.09775175044884,1.07112652143742,-0.0902822817744594,0.150731105083327,-1.14957313905434,-0.967109285779581,-0.945214081217195,1.78951299116902,-1.19134545154822,-0.984162206264807,1.77131725697477,0.664376146301933,-0.6119544654822,-0.34936541061873,0.837766437126151,-1.06671187387423,0.579139226961916,-0.730685963410733,-0.521809958979488,1.13227428591005,0.228371911851421,0.329310416795095,-0.450470672423879,1.0992806882801,-1.18150839159444,0.879816354678,-0.841939898002275,1.29326923611175,-1.25600956317324,-0.94821620143065,-1.0599928472148,-0.413854325526974,-0.963421441544515,0.884677263183498,0.218814144094201,1.41836651120138,-1.3249911089294,-0.0130951994350191,1.70213703400025,1.39040668440992
"ABCA8",0.284403785962651,1.56283775449454,-1.26877270863567,1.23908287261012,-1.05987475623832,-0.480810304674215,-1.2451842694686,-0.283831078573702,-1.15976941238163,0.822407351671453,0.606742702645224,-1.4714061156649,-0.717839199396448,0.515823554614534,-1.65428995114131,0.765164248853028,-1.28217723196272,-1.27669279635159,1.26107889722508,1.06799319746367,-0.575626340935948,1.42311027146027,-1.02402012664372,0.241471429970197,1.49381789753118,-0.41361307614786,1.21855222109794,-0.800279047262671,1.1904754880087,-0.152453830056852,1.24186638446793,-0.110113745815279,-0.2250029822639,1.09252814477639,-0.582261865124185,0.669847565413566,-0.185747684955351,1.27428624741543,-1.54393255819315,-1.51931908792994,0.909501186192365,-0.761183813597504,0.490573774629106,-0.757103841411928,1.2732550557436,-1.36898948693593,0.734922606985673,-1.08006029700402,1.07600631807244,-0.907141858581267,-0.934146625163311,0.882936422255601,0.115150884097808,-1.79618895840529,0.843259958951779,-1.31957545296343,1.5179385714154,-1.07015872681847,0.943817870827101,-0.899934271102076,0.896432202663969,-0.346918979259521,-0.356943661006131,-1.39339258966902,1.38105974864123,-1.19485027055567,1.07710257076251,-0.803435226966605,1.3001964557201,-0.422676207122845,0.54940641550816,-1.40989026246322,-1.52646627387617,-1.19353184451059,1.31231536691084,-1.48766245944243,-1.10239593734502,0.770117379249977,1.17720334852861,-0.114686078656616,-0.617971791515978,0.953299130902273,-0.631476346839375,1.01518839651008,-0.305553356484072,1.16828569703805,0.812336790903186,0.546267558196337,0.814818790671504,-0.0810716840904474,0.694204255842873,0.190187900979548,0.898872086311576,-1.01311692034728,1.15294696541526,-1.13736031317556,-1.24984078966229,-0.644668680140155,0.877828836954694,-0.855862886130287,0.533774200953858,0.277740508359924,1.16315731134004,-0.343435797657679,-0.171091030153037,1.20718717452238,0.80301913113144
"TAL1",-0.651760188169071,1.55486293978777,-1.38836452038185,1.71977864485312,-0.946084273416523,-0.759665351853541,-0.882791901284031,-0.360308735910118,-0.810163216183096,0.391417456106334,1.16713342256928,-0.984655332859606,-0.697142189292206,-0.297057983592819,-1.22369420824151,0.361243044959254,-0.867060734005515,-0.850150414763998,0.818434852058081,2.45475638097491,-0.341029060535096,1.17326028170446,-0.966150259810869,-0.565454567925276,1.47262381113912,-0.5660745022597,0.352187371350621,-0.920625622160965,1.39453594825093,-0.81341451960148,1.92668882277184,-0.448626270958497,-0.793270113274715,2.28564881198952,-0.710328080093862,1.27028863577499,-1.00839006677909,1.72074289627649,-1.06406096189599,-0.681794955269275,0.798240752511731,-0.57389283603647,0.23659932873794,-0.77831615238177,0.976255333956533,-1.02838739846333,1.30548786379097,-0.899885083203426,0.79262158099372,-1.22083799286208,-0.879859782500063,0.452121292100617,0.834946400103261,-1.36398374725421,0.819479886761797,-0.734809664781347,1.01415907585408,-0.949268724724671,0.284422759900169,-0.423835078119328,0.511227896054787,-0.742115893340368,-0.724564749847658,-1.0038207277799,1.13281684482477,-0.847594042313932,0.523267281371987,-0.824855207891289,1.66822538839287,-0.253460598731791,0.780070623853265,-0.742967037776909,-0.758912893604931,-0.652396050483769,1.44286453819335,-0.989242511853181,-0.648248258625925,1.74562651270513,0.310210675578449,-0.746111302596617,-0.951873223035109,-0.133178999115428,-0.656447330762013,0.204266953902408,-1.0652177947185,0.114788801665944,0.559451846306087,0.781298943847423,1.56355922039069,-0.948111436465316,0.770840191060067,-0.792408837078096,0.847210925766743,-0.784219509649154,1.24777381336412,-0.374062363607836,-0.799974988775287,-0.784993203837117,0.331884851850617,-1.05751500513111,1.13071542368831,-0.520279012355158,1.46323762988828,-1.17884483981817,-0.318388454128188,1.6683768026783,1.37534600350701
"RAMP2",-0.717703926264744,1.20958901279045,-1.21265190841758,1.22573024440002,-0.644272724948841,-0.423115329698188,-0.847450459100305,0.342830039493943,-0.910945000245387,1.01268471075784,1.28482624226046,-1.08377339816856,-0.736067613445452,0.474526413338715,-0.956221706525628,0.282802445230739,-0.922424102207299,-1.26530892332107,1.03295583349951,1.05340282687027,-0.451079770491593,1.02993339545764,-1.25525953315113,-0.54345658048098,1.52789679504764,-0.846204855446944,0.490025778445471,-0.876303015351335,1.71368310913275,-0.335924530862854,1.58538413137925,0.0466425465119955,-0.433855240655296,1.48628892035733,-0.883457682735208,1.62724600457697,-0.707992016065046,1.98941219055195,-1.36608465599326,-1.22026220010099,0.889648434057524,-0.607075758769926,0.119235399993072,-1.06660155871745,1.54211361617032,-0.610680459874415,1.45366547582806,-0.542818419463283,1.94333747553693,-0.842470857707894,-1.04522219418783,0.841796791045939,0.0173462611562015,-1.46678000423532,0.955402426870958,-1.25381884133257,0.372567183971129,-1.1275013251927,0.639747011146273,-0.971831641675248,0.527806354049781,-0.633519822387622,-0.994582486811009,-1.2102007683492,0.403489972154178,-1.43442639191768,0.971781830254523,-0.981375787305755,0.92533958907279,-0.280925555754525,0.378847733290246,-1.28451509899964,-0.430315327284352,-0.896957500951444,1.36962673133073,-1.08653367388496,-0.849632864362215,1.86887797770197,0.566319994309939,-0.618940004135129,-0.88965000545937,0.422273467596299,-0.83556774307183,0.355113234714707,-0.60339224166828,0.125449956623793,0.255416478365073,0.368831775140325,0.578220325583324,-0.579671770360525,1.67639909243465,-0.180839786204456,0.930133317715023,-0.897221610125455,1.59193811980791,-0.224787881383795,-0.822572440447134,-0.753500176247032,-0.138151470324998,-0.764140244246934,0.582502433383724,-0.620850417229151,2.22005175194144,-0.776622672279254,-0.00747570319651192,1.681703711975,0.980141115897738
"RASIP1",-0.300744533607631,1.58863645639863,-1.11162595303874,1.68095917957902,-0.866405104443061,-0.853762048664826,-1.21297469550869,0.142655130847417,-1.27322735751538,0.365058830687642,0.952965182479806,-1.16643170463868,-0.977571675925358,0.165417955645391,-0.554131415722438,0.681581928548033,-0.885341949697434,-0.631098248887655,1.17783716378019,1.7337671923231,-0.848523213348792,1.6379091162564,-1.06520966616836,-0.781746138478943,2.0176522966266,-0.724335880315801,0.997748237910487,-0.867494638031648,1.43955415335816,-0.71009420013335,1.4616320594386,-0.0554789252248055,-0.590963703797026,1.53579262080663,-0.194350741527293,1.41093901924348,-0.968211691399915,1.32227504121287,-1.03628549594208,-1.34180908785762,0.530347571231311,-0.85413093013464,0.111205753519465,-1.23016661028235,1.40224750628709,-1.25467224976027,1.17496567098905,-0.8377481379879,0.978568431147027,-0.754593016063099,-0.539389793685365,0.431421522224273,0.369877177105532,-0.672176224677921,0.536869472961417,-0.974927446196749,0.304420803621401,-1.18877781386376,0.609826363449292,-1.12506859708912,0.684306047423779,-0.452537345271054,-0.796066583651343,-0.58342791056403,0.793521152701163,-1.05774716842575,0.258420476996286,-1.10132760314669,1.15408143653206,-0.425608444730222,0.679895179275354,-1.17447836547406,-1.09473129722893,-1.3312448604349,1.5806224303544,-1.15387631655692,-1.22417374156302,1.86848733821723,0.175348275467621,-0.956106427782574,-1.01130085286537,1.25347924947724,-0.989781882597781,-0.0330424549639591,-1.01423680801002,0.516527657599131,0.458388027921183,0.826620068373726,0.722883761800866,-0.72670126163915,1.6129784570189,-0.289904156640327,1.12367470174487,-0.993303353578377,1.35165445865916,-0.785295796210257,0.390089423965489,0.164169571357851,0.386675665574581,0.427930720416164,0.426403058158388,-0.749315723086715,1.04473044626991,-0.995895063743258,-0.402081675614647,1.49837767698167,1.63025686343069
