"Probe_ID","logFC","AveExpr","t","P.Value","adj.P.Val","B","Regulation"
"209875_s_at",4.36441512427304,9.69923956271028,20.9993700546069,5.22079560251313e-40,7.75566589405335e-37,80.5989404595395,"Upregulated"
"201577_at",1.74771340239162,9.70462189485981,16.6607929970948,1.1304854702864e-31,2.39910549851351e-29,61.5718779342191,"Upregulated"
"200700_s_at",1.42227021201337,10.5777351008505,15.9777801010435,2.87904715712339e-30,4.97316339551787e-28,58.3561041146284,"Upregulated"
"217871_s_at",1.36643397130612,11.5221092136075,15.8073860094436,6.51498278891644e-30,1.04441267255701e-27,57.5447101811214,"Upregulated"
"206499_s_at",1.01044086179803,7.99945745918692,14.7857171754206,9.38279858795594e-28,1.14249672642307e-25,52.6052727551268,"Upregulated"
"201013_s_at",1.66910409621463,9.26509329483178,14.7021564947393,1.41652657187503e-27,1.71545986962453e-25,52.1957916326547,"Upregulated"
"209529_at",1.87245344223892,7.47715359665421,14.6738020607745,1.62932120287184e-27,1.95194432062329e-25,52.0566600845517,"Upregulated"
"203744_at",2.21619725443737,9.24300718960748,14.6192420488003,2.13341941907195e-27,2.52866941038193e-25,51.788681048374,"Upregulated"
"217771_at",1.83141413145848,8.19691660485981,14.5491439401934,3.01787485789392e-27,3.50246382596095e-25,51.4438844515822,"Upregulated"
"212353_at",2.36007949937333,8.74754463738318,14.2339658073861,1.44510647605745e-26,1.51179847915438e-24,49.8867457995711,"Upregulated"
"201292_at",2.4559629390102,7.38557097898131,14.1313335584546,2.41223921403689e-26,2.43221386454227e-24,49.377313582028,"Upregulated"
"201231_s_at",1.07591118475369,11.7753632807477,14.0791281146551,3.13183539574364e-26,3.07430344155752e-24,49.1177430554267,"Upregulated"
"212680_x_at",1.22755964527058,8.7512889712243,13.8949752338258,7.884027012395e-26,7.40635316493605e-24,48.1997804327614,"Upregulated"
"212354_at",2.11829633553483,9.03014105160748,13.8943061515357,7.91056883388583e-26,7.40635316493605e-24,48.1964386310026,"Upregulated"
"217809_at",1.12762736244441,10.0112128073551,13.8807661941213,8.46739195478813e-26,7.85644965048027e-24,48.1288017620193,"Upregulated"
"213453_x_at",1.02841124179099,12.5963650683178,13.813034223337,1.1902951039852e-25,1.05251372230564e-23,47.790167924679,"Upregulated"
"202200_s_at",1.02044975396235,8.33556198714953,13.7501892296107,1.63332720501581e-25,1.39982423497566e-23,47.4755396475888,"Upregulated"
"209035_at",1.8202872279722,8.11610665547664,13.692424291853,2.18544255996835e-25,1.80363765051018e-23,47.1859847046466,"Upregulated"
"218469_at",2.54836273574384,7.25186027104673,13.4344934703631,8.05418306397589e-25,6.27522242009003e-23,45.8889501984197,"Upregulated"
"205941_s_at",1.95111668730506,8.44842824729906,13.4023035390224,9.48244162002366e-25,7.30027563023874e-23,45.7266160412905,"Upregulated"
"216905_s_at",1.12355741756756,7.37261443643925,13.1948160868092,2.7224259473577e-24,1.93814113051028e-22,44.6778598825092,"Upregulated"
"202722_s_at",1.34104386887016,9.10904399848598,13.0495314571836,5.71118444384168e-24,3.91576378344997e-22,43.9411049131503,"Upregulated"
"203083_at",2.08649122222554,10.1417867150561,13.0131128216097,6.87886253459701e-24,4.67322237373247e-22,43.7561195772405,"Upregulated"
"AFFX-HUMGAPDH/M33197_M_at",1.08490266039761,12.4275899139252,12.9679727021053,8.66416971781603e-24,5.79770852318602e-22,43.5266688827115,"Upregulated"
"201923_at",1.25996123792189,10.1688295048224,12.8610697974039,1.49749165183029e-23,9.53388756506694e-22,42.982554032947,"Upregulated"
"201291_s_at",2.42207690664743,6.68344500573832,12.8517377937945,1.57083125181834e-23,9.97231703255499e-22,42.9350085928013,"Upregulated"
"37892_at",3.06152204233462,7.31694310558879,12.7231074616232,3.03867673286401e-23,1.8808564899558e-21,42.2788934191542,"Upregulated"
"218468_s_at",2.44145754003765,6.39494994384112,12.6952185751001,3.50666667096312e-23,2.15259100355568e-21,42.136454325768,"Upregulated"
"203476_at",1.2906120891316,9.6842759211215,12.644185461461,4.55831227943792e-23,2.78281842527987e-21,41.8756423524853,"Upregulated"
"201417_at",1.35181351327832,10.4088615302523,12.5811416358422,6.30451323041849e-23,3.80714006269418e-21,41.5531545312763,"Upregulated"
"219010_at",1.35721210618367,9.24696212571963,12.5375218922431,7.89197399116394e-23,4.6400225974962e-21,41.3298397566075,"Upregulated"
"211048_s_at",1.17279246901583,9.30861209716822,12.5321738039284,8.11238583178077e-23,4.75706035498871e-21,41.3024493895265,"Upregulated"
"212344_at",1.55039996131281,8.5539682677757,12.42698367962,1.39522834660568e-22,7.9717623711319e-21,40.7632611953628,"Upregulated"
"204846_at",2.28409146539585,9.15486720158878,12.3487230916371,2.0897573399983e-22,1.16706924328777e-20,40.3615600153612,"Upregulated"
"204017_at",1.38607152020021,8.94953931485047,12.3295761022055,2.30702309085118e-22,1.28197993848969e-20,40.2632112929826,"Upregulated"
"206074_s_at",1.27878293886594,9.40286488685047,12.2732299602667,3.08697596327264e-22,1.67773378999035e-20,39.973632445254,"Upregulated"
"217755_at",1.38832127318754,9.24469538520561,12.2403753256563,3.65872576627143e-22,1.97402872275608e-20,39.8046768880281,"Upregulated"
"211762_s_at",1.35426295876284,9.26510631793458,12.226404972602,3.93296283750934e-22,2.11176411827037e-20,39.7328106814143,"Upregulated"
"217294_s_at",1.56834074456439,10.3591305788131,12.1556100670111,5.67391725756462e-22,2.974868194125e-20,39.3684164155674,"Upregulated"
"201014_s_at",1.77434891395953,7.84231826238318,12.1471659537511,5.92758337193454e-22,3.10057136800041e-20,39.3249297297351,"Upregulated"
"202503_s_at",1.68484415845989,9.16715696771963,12.0504327428657,9.78654012646398e-22,5.03633888309462e-20,38.8264135475634,"Upregulated"
"219888_at",1.25761223914602,7.27853608676635,12.0010435702884,1.26448600452566e-21,6.41834661477111e-20,38.5716456631428,"Upregulated"
"217428_s_at",2.46347495258867,7.19763244451402,11.9660206015344,1.51660143906591e-21,7.57722642751251e-20,38.3908883490835,"Upregulated"
"209064_x_at",1.20771262700844,8.89794933765421,11.9402512931781,1.73376156565368e-21,8.58520199276909e-20,38.2578403165549,"Upregulated"
"AFFX-HUMGAPDH/M33197_5_at",1.27047966088318,11.9747376295794,11.9154135076025,1.9725322888293e-21,9.68148391893905e-20,38.129562311428,"Upregulated"
"201004_at",1.01150426142857,11.4455769181308,11.8802341857386,2.36820371540831e-21,1.15219832730226e-19,37.9478087111969,"Upregulated"
"209186_at",1.04400422084377,11.1577524546636,11.8555874236462,2.69192964013788e-21,1.30117718375688e-19,37.8204264538531,"Upregulated"
"218856_at",1.32291589526038,9.93483593630841,11.763252240397,4.35183549406365e-21,2.06763220286184e-19,37.3428877780842,"Upregulated"
"218542_at",1.540978729905,6.80312370724299,11.7119506451036,5.68423551041528e-21,2.67783974373327e-19,37.0773537910852,"Upregulated"
"201416_at",1.36856863852568,9.79237734985981,11.6964353526712,6.16264755534091e-21,2.86088073907628e-19,36.9970185338374,"Upregulated"
"218313_s_at",1.48140734552568,8.62475551945794,11.6509502432215,7.81066926715056e-21,3.588559655256e-19,36.7614292094151,"Upregulated"
"209641_s_at",1.42515147358726,8.67829539904673,11.6013591724,1.01148026460277e-20,4.57176769495813e-19,36.5044468404448,"Upregulated"
"215380_s_at",1.12689672108832,9.79378784195327,11.5405352139285,1.38910872265756e-20,6.17834524290987e-19,36.1890812840282,"Upregulated"
"209955_s_at",1.3084065500197,8.04610792013084,11.5256514181907,1.50128838818859e-20,6.6375414988108e-19,36.111882033632,"Upregulated"
"202620_s_at",1.73783276065693,8.23122232171963,11.5195115328252,1.55016907788412e-20,6.81310011094516e-19,36.0800324919703,"Upregulated"
"204580_at",2.37732458910626,8.31861097442056,11.5159587288779,1.57917859503079e-20,6.92693634509272e-19,36.0616021189601,"Upregulated"
"201890_at",1.69447453913019,7.40702995441121,11.4169126885532,2.64864830700581e-20,1.14601612087399e-18,35.5475516358747,"Upregulated"
"204026_s_at",1.57499315690957,8.71355503511215,11.3887083786527,3.06914782994457e-20,1.3151888672049e-18,35.4010875924279,"Upregulated"
"202870_s_at",1.67433816748029,6.96739159946729,11.3602625777531,3.56103227848885e-20,1.52012418125607e-18,35.2533336151572,"Upregulated"
"201088_at",1.17866161076847,9.78570098892523,11.3332253163556,4.10159256421751e-20,1.73098081644808e-18,35.112863272127,"Upregulated"
"208051_s_at",1.21679338724525,8.58959273382243,11.3103039024818,4.62378063078811e-20,1.9403334048183e-18,34.9937521789985,"Upregulated"
"209836_x_at",1.0282040563962,8.63960581009346,11.259722545477,6.02395607577311e-20,2.4784942164765e-18,34.7308294128193,"Upregulated"
"214710_s_at",1.47127816885679,7.60720905746729,11.2110550720325,7.770780746902e-20,3.14258271112917e-18,34.4777589196166,"Upregulated"
"218982_s_at",1.00623775225616,8.54648879684112,11.1834015344052,8.98087100468902e-20,3.59283211126545e-18,34.3339204190012,"Upregulated"
"218039_at",1.59229444984166,8.50316092237383,11.166095310661,9.83242552505383e-20,3.91942643962029e-18,34.2438885587161,"Upregulated"
"201666_at",1.29506966575229,11.7996434876075,11.1344425784572,1.16045974015895e-19,4.56864388515227e-18,34.0791942000002,"Upregulated"
"202854_at",1.00831656891942,9.14916601787851,11.1333996172221,1.16681436461048e-19,4.58555987418258e-18,34.0737668984181,"Upregulated"
"219787_s_at",1.66432684778184,6.08571100642056,11.1330132968637,1.16917699741193e-19,4.58675546361443e-18,34.0717565771479,"Upregulated"
"209773_s_at",1.49917104062385,8.27874333466355,11.1282384550715,1.19877725252441e-19,4.69461397504417e-18,34.0469089816978,"Upregulated"
"201839_s_at",1.13451125184272,10.5489823592991,11.0854663433197,1.49975789364826e-19,5.79187264196951e-18,33.824294200257,"Upregulated"
"202589_at",1.4826128516221,8.31314983085047,11.0639412220304,1.6787650023386e-19,6.39451633283948e-18,33.7122399560795,"Upregulated"
"216623_x_at",2.311316003019,6.90349911701869,11.0210582278441,2.10168832990175e-19,7.81835076046756e-18,33.4889580566033,"Upregulated"
"201418_s_at",1.04950083846094,9.0538839598785,11.0129548172243,2.19285740317674e-19,8.10338996931795e-18,33.4467590682686,"Upregulated"
"218883_s_at",1.49475529875193,7.70443701424299,10.9913012650883,2.4563778697233e-19,9.01737530000731e-18,33.3339872683839,"Upregulated"
"202310_s_at",2.32832187591977,11.4076299440374,10.9385483004601,3.23885870243006e-19,1.17927268735701e-17,33.0591929967941,"Upregulated"
"209803_s_at",2.00846279072379,7.3633109448785,10.9166954356735,3.63206110386525e-19,1.30537447705531e-17,32.9453373071817,"Upregulated"
"207828_s_at",1.3416688217449,7.94211288790654,10.880395161437,4.39365796891599e-19,1.56135260926796e-17,32.7561817012262,"Upregulated"
"202949_s_at",1.44323643072695,9.74056910380374,10.8563683802248,4.98374527566889e-19,1.75482467588407e-17,32.630963544292,"Upregulated"
"201037_at",1.42357997123716,8.49687924101869,10.8563209942567,4.98498415758478e-19,1.75482467588407e-17,32.6307165735436,"Upregulated"
"212143_s_at",1.67065236109606,9.62537217686916,10.8298316240406,5.72810393023975e-19,1.99125335222359e-17,32.4926485507865,"Upregulated"
"222036_s_at",1.26355103844581,7.43502969073832,10.8262237091293,5.83755446722937e-19,2.02614059491078e-17,32.4738421199534,"Upregulated"
"202311_s_at",2.22376820300246,7.85397289673832,10.7896256102655,7.07330214312758e-19,2.42857306094471e-17,32.283056668417,"Upregulated"
"201131_s_at",1.16196309161506,10.6665263740561,10.7890033828546,7.09643331503457e-19,2.432766516291e-17,32.2798127578858,"Upregulated"
"203256_at",1.84022562374419,9.33447712049533,10.7792041316328,7.47086636431934e-19,2.54936164159461e-17,32.228724444526,"Upregulated"
"202705_at",1.11397424714321,7.84836217642991,10.7456889020397,8.90746654583021e-19,3.01191315691555e-17,32.0539785843719,"Upregulated"
"202786_at",1.03231407120795,7.73320446169159,10.7420277510823,9.08027254680782e-19,3.06105466203508e-17,32.0348883091567,"Upregulated"
"204675_at",1.53519068512561,7.24069237765421,10.7087200498658,1.08148770935245e-18,3.62387828984971e-17,31.8612013107268,"Upregulated"
"214774_x_at",2.43796000516467,6.1650606857757,10.6973120909762,1.14822690041636e-18,3.81879701820563e-17,31.8017086695239,"Upregulated"
"218930_s_at",1.23921951898487,8.38473856688785,10.6839658976021,1.2315551375925e-18,4.08374153734728e-17,31.7321053577732,"Upregulated"
"200644_at",1.04943401109817,10.9168652851495,10.6441885912686,1.51756032228372e-18,4.97835878136227e-17,31.5246414209753,"Upregulated"
"201563_at",1.3202321573596,8.76638152257009,10.6367157277386,1.57828545116206e-18,5.12666686709098e-17,31.4856630740888,"Upregulated"
"204825_at",1.3636410135563,7.59494498128037,10.6291097545735,1.64258980804657e-18,5.31231185670562e-17,31.44598962785,"Upregulated"
"204653_at",1.10591831296552,7.18002383473832,10.4847770878035,3.50527784882775e-18,1.0893738675792e-16,30.6930108507802,"Upregulated"
"213668_s_at",1.25979940337403,7.25097552195327,10.4505727905848,4.19520794798828e-18,1.29297121307086e-16,30.5145417571262,"Upregulated"
"204320_at",1.81647955087931,7.71361899624299,10.4376135290332,4.49075308514053e-18,1.37644361755415e-16,30.446921992973,"Upregulated"
"205107_s_at",1.09409892886488,7.29524045999065,10.4347090742691,4.5597979086222e-18,1.39568649447567e-16,30.4317668093731,"Upregulated"
"210095_s_at",1.65361021973223,10.4575573247383,10.4329895340082,4.60117431130471e-18,1.40641930286424e-16,30.4227943849441,"Upregulated"
"211161_s_at",1.85371256227973,10.142046024785,10.394485870292,5.63270425361579e-18,1.71232672419264e-16,30.2218823433824,"Upregulated"
"209911_x_at",1.29380334459676,8.80000383075701,10.3862485597476,5.88181727305627e-18,1.78319094279609e-16,30.1788994820304,"Upregulated"
"210559_s_at",1.38010852384201,7.50008680798131,10.3643509780308,6.59895202469307e-18,1.98708713467886e-16,30.0646357269424,"Upregulated"
"204023_at",1.11057333100704,8.06711731505608,10.3508286436704,7.08482942089999e-18,2.12192545679993e-16,29.9940745463475,"Upregulated"
"210052_s_at",1.09800786068754,8.03777007437383,10.3215893283832,8.26128058693404e-18,2.45121325324436e-16,29.841500140206,"Upregulated"
"211747_s_at",1.02384334115904,8.71950261121495,10.3130622516264,8.63982017630149e-18,2.55672128802823e-16,29.7970048938495,"Upregulated"
"201897_s_at",1.13905947459183,9.20844263313084,10.2946884931858,9.51548422327408e-18,2.79359071076701e-16,29.7011289488539,"Upregulated"
"201852_x_at",1.95327079028712,11.8247832503551,10.2463178074184,1.2268952958566e-17,3.54590244845299e-16,29.4487309145504,"Upregulated"
"204767_s_at",1.0490176202178,8.09735850761682,10.2400521930312,1.26795856022054e-17,3.65037733816462e-16,29.4160376639817,"Upregulated"
"219918_s_at",1.48299594217136,6.22214761798131,10.2208964744796,1.40222172775598e-17,4.01615768118079e-16,29.3160866402378,"Upregulated"
"215108_x_at",1.88489286074701,5.92557026485981,10.2200476230715,1.40848976282016e-17,4.0237663314002e-16,29.3116575384448,"Upregulated"
"208161_s_at",1.17872682446481,9.45081669314019,10.2072335549006,1.50658701767552e-17,4.27659598915461e-16,29.2447973780383,"Upregulated"
"204401_at",1.07600941762948,7.41759757371963,10.1958853713414,1.59915172752228e-17,4.52781422419047e-16,29.1855867139942,"Upregulated"
"201428_at",1.12219137860556,7.77327326047664,10.1915820219932,1.63572192248041e-17,4.61961870705082e-16,29.1631336580834,"Upregulated"
"201830_s_at",1.40037994654222,9.50355234306542,10.1633161342438,1.89761845406309e-17,5.30547453097715e-16,29.0156579041016,"Upregulated"
"220334_at",1.11443947183392,7.58715007262617,10.1396820362896,2.14851447538798e-17,5.95464528048138e-16,28.8923537744957,"Upregulated"
"203362_s_at",1.4207424380373,6.38931451242056,10.1340237538883,2.21334681667348e-17,6.11910758262224e-16,28.862834135768,"Upregulated"
"201250_s_at",1.05911775235046,9.72230291896262,10.125383080623,2.31614535802368e-17,6.39537385537072e-16,28.8177558215389,"Upregulated"
"217901_at",1.30207959605419,9.72400904829906,10.1227611898162,2.34827214280269e-17,6.4760579403555e-16,28.804077602476,"Upregulated"
"203953_s_at",1.9082694971418,7.34998071974766,10.1021732554978,2.61652733984135e-17,7.17147339651718e-16,28.6966745517227,"Upregulated"
"204641_at",1.51536540395848,6.03455077219626,10.0973610922918,2.68352316730128e-17,7.33704867938336e-16,28.6715712115684,"Upregulated"
"209008_x_at",1.342577669538,10.5295024873738,10.0874685179946,2.82668461511279e-17,7.69072201203399e-16,28.619966095297,"Upregulated"
"202856_s_at",1.33249063250281,8.2973992531215,10.0533201248961,3.38214123007782e-17,9.11296892742735e-16,28.4418394066207,"Upregulated"
"203214_x_at",1.15022743046024,7.94915630441121,10.0461747392286,3.51151409556884e-17,9.43872962503745e-16,28.4045693842401,"Upregulated"
"209714_s_at",1.2109430417259,7.63791932384112,10.0137193416741,4.16428964274766e-17,1.1020530416787e-15,28.2352935334375,"Upregulated"
"202095_s_at",1.28118245611541,7.45344883558878,9.99170743817935,4.67474591377984e-17,1.2269418515519e-15,28.1204973317313,"Upregulated"
"222067_x_at",1.06924184607987,8.0317983611028,9.96225668302784,5.4568477665977e-17,1.42216302670288e-15,27.9669200273565,"Upregulated"
"209109_s_at",1.15940709289233,9.19223625652336,9.95781176428445,5.58574721155332e-17,1.45066672628255e-15,27.9437425003295,"Upregulated"
"203878_s_at",1.42853936887966,8.34443508071963,9.95557566377068,5.65173864029698e-17,1.46609653226703e-15,27.9320827562245,"Upregulated"
"202404_s_at",1.79289750354468,10.9259404267196,9.93778808926286,6.20520894287117e-17,1.59850486559536e-15,27.8393362937979,"Upregulated"
"215076_s_at",1.72053811493807,11.7260377505794,9.89328718197873,7.83891678884681e-17,1.99400208682504e-15,27.6073334708248,"Upregulated"
"206102_at",1.197282717652,6.98488022533645,9.87420020047873,8.66535006879004e-17,2.18427596813177e-15,27.5078387006084,"Upregulated"
"218326_s_at",1.22853862274841,7.08179861605607,9.82463600254557,1.12411103763598e-16,2.7924823023013e-15,27.2495182954645,"Upregulated"
"202575_at",1.87519636536383,8.1627451231028,9.76261766499923,1.55668391626313e-16,3.77860432528228e-15,26.9263851056349,"Upregulated"
"203087_s_at",1.00494370313336,7.706611467,9.74211857991195,1.73350966774458e-16,4.16247800930523e-15,26.8196046775714,"Upregulated"
"218350_s_at",1.0880472786045,8.1239296623271,9.73877518153862,1.76419592052805e-16,4.23160147439467e-15,26.8021900767726,"Upregulated"
"208308_s_at",1.10859841402322,10.3769042119813,9.71422871503068,2.00674076789318e-16,4.76718598411128e-15,26.6743473272221,"Upregulated"
"214581_x_at",1.33419925051267,7.59632082060748,9.6868402580777,2.31688609946196e-16,5.46898018583801e-15,26.5317271240367,"Upregulated"
"204475_at",2.86203557603765,6.54192717616822,9.67434796694577,2.47382714505639e-16,5.80255687087279e-15,26.4666846694278,"Upregulated"
"201689_s_at",1.34216244717452,7.76280162146729,9.65777892699722,2.69848596286723e-16,6.29637305869847e-15,26.3804249451078,"Upregulated"
"203213_at",1.23744237044264,7.10285776266355,9.63582393114882,3.02786690382212e-16,7.02812064769462e-15,26.2661413282612,"Upregulated"
"203755_at",1.42085826134236,7.56457184451402,9.58239651145988,4.00704504516841e-16,9.14846155138193e-15,25.9881115001317,"Upregulated"
"208650_s_at",2.08769626412315,7.17181228666355,9.5797366251417,4.06332311710127e-16,9.25797842723595e-15,25.9742728181915,"Upregulated"
"205479_s_at",1.46372827345355,8.99170367806542,9.5784639720064,4.09052853892949e-16,9.31044406874013e-15,25.9676516470444,"Upregulated"
"204348_s_at",1.15860756644264,9.05629562425234,9.54198694538465,4.95260706195059e-16,1.11473679961055e-14,25.777903848054,"Upregulated"
"214437_s_at",1.00482987076882,6.88179923304673,9.54129385539238,4.9706337709128e-16,1.11766531097124e-14,25.7742990635704,"Upregulated"
"202954_at",1.2481403355102,8.93788818351402,9.4400424451777,8.44957257806387e-16,1.82513222634874e-14,25.2479267600262,"Upregulated"
"203954_x_at",1.13166367288846,8.24364042864486,9.41333149823209,9.71832906785491e-16,2.07625624754565e-14,25.1091494188711,"Upregulated"
"205542_at",1.59951905499191,8.24755531862617,9.33463394466625,1.4672892632594e-15,3.02457045820622e-14,24.7004963582871,"Upregulated"
"203764_at",1.31178754402111,5.82171659657009,9.24616284093474,2.33078523398416e-15,4.70442820370192e-14,24.2415186580567,"Upregulated"
"218355_at",1.02462365779944,7.12923114901869,9.24447674140279,2.35142404260605e-15,4.74179022094033e-14,24.2327760355699,"Upregulated"
"221729_at",1.41959453502885,9.42676059800935,9.10219000043239,4.94504827838799e-15,9.50737797992404e-14,23.4956842295142,"Upregulated"
"201688_s_at",1.21340303809711,8.37186692798131,9.09774452779044,5.06114060056093e-15,9.71381533180873e-14,23.4726780237069,"Upregulated"
"205997_at",1.05899682640922,7.52016803783178,9.06023663562158,6.15540231423063e-15,1.16633358646259e-13,23.2786255204372,"Upregulated"
"218960_at",1.44196243252322,8.00975762231776,9.05329561480414,6.38238768354608e-15,1.20728985358623e-13,23.2427267516019,"Upregulated"
"211668_s_at",1.45454764315095,8.43075860570093,9.00579358697271,8.17661448415504e-15,1.52595896608398e-13,22.9971476239015,"Upregulated"
"208079_s_at",1.14160558559535,7.01352851982243,9.00356173192751,8.27231229530591e-15,1.54123691368145e-13,22.98561359999,"Upregulated"
"204962_s_at",1.11331962689901,6.81752314434579,8.99491780777805,8.65360730507874e-15,1.60824296563027e-13,22.9409463500392,"Upregulated"
"201761_at",1.19965753937157,9.17084124279439,8.9819701076208,9.25778488313989e-15,1.71338223049009e-13,22.8740507229915,"Upregulated"
"203936_s_at",1.40508083206791,8.65661934923365,8.93990891678812,1.15261743344742e-14,2.10695441095232e-13,22.6568322820117,"Upregulated"
"202855_s_at",1.17472464744933,8.13624338465421,8.91294690742531,1.326374185937e-14,2.3951050231146e-13,22.5176694606593,"Upregulated"
"208103_s_at",1.01577804863054,6.84435159658879,8.86977351657549,1.66058903420965e-14,2.96973558983095e-13,22.2949639641906,"Upregulated"
"218009_s_at",1.41043722738283,7.25508355493458,8.8378670533928,1.96041239885351e-14,3.46972752054431e-13,22.1304846846151,"Upregulated"
"202779_s_at",1.01362014563371,8.50080833314019,8.77280023710649,2.74939896379289e-14,4.7639857783979e-13,21.7953547423532,"Upregulated"
"217356_s_at",1.00635673703272,10.4643075158131,8.76748020217083,2.82644799495751e-14,4.88609314752819e-13,21.7679714628828,"Upregulated"
"201195_s_at",1.06894388606861,8.38744246725234,8.73948879855565,3.2687254046825e-14,5.60715998402927e-13,21.6239396750379,"Upregulated"
"204444_at",1.02993698147396,5.65468515004673,8.71008489436286,3.80775844626513e-14,6.42790011046408e-13,21.4727235196424,"Upregulated"
"214290_s_at",1.41083562986277,10.152363670215,8.68819457179973,4.26578446543667e-14,7.16311041773364e-13,21.3602044871794,"Upregulated"
"213506_at",1.22431941760028,7.32211085578505,8.6299560129834,5.76957878900315e-14,9.53028348075295e-13,21.0610936771833,"Upregulated"
"200806_s_at",1.0820075749057,10.1890397020841,8.4909408024528,1.18467661737376e-13,1.86559357349396e-12,20.3486213966089,"Upregulated"
"205242_at",2.05430912371288,7.96804115314019,8.46967660719821,1.32226040213931e-13,2.07408655664281e-12,20.2398361259428,"Upregulated"
"202619_s_at",1.32531425741168,8.6255673335514,8.46961852780704,1.32265718125451e-13,2.07408655664281e-12,20.2395390723009,"Upregulated"
"209498_at",1.01110664239057,8.15863479956075,8.41919002012017,1.71602507559285e-13,2.64990899233787e-12,19.9817715314403,"Upregulated"
"266_s_at",1.49107932970725,8.69152342940187,8.39673482918577,1.92679451914435e-13,2.95897741351437e-12,19.8670919457424,"Upregulated"
"219118_at",1.07877992516362,8.24236080038318,8.39338099790015,1.96041339232867e-13,3.00232932104878e-12,19.8499692283101,"Upregulated"
"218280_x_at",1.29561667413124,8.58794506104673,8.38667225763633,2.02942456076091e-13,3.10375205816303e-12,19.8157225617041,"Upregulated"
"210827_s_at",1.00340229126355,9.42112637527103,8.34086012456994,2.56989623856034e-13,3.86403494492847e-12,19.5820155825809,"Upregulated"
"216379_x_at",1.4780871736608,11.1108671179252,8.31310604636397,2.96473593777914e-13,4.39542321367482e-12,19.4405633132839,"Upregulated"
"209642_at",1.00261900239972,6.54798434290654,8.30223446740215,3.13536943653033e-13,4.62991631240593e-12,19.3851827341179,"Upregulated"
"204822_at",1.1516243828487,6.4818274521028,8.28679742410325,3.39458341429089e-13,4.99943834901811e-12,19.30657258967,"Upregulated"
"209771_x_at",1.40357105420549,11.2040055211963,8.2586004468188,3.92433855989788e-13,5.73416630361997e-12,19.1630683804293,"Upregulated"
"210809_s_at",1.32028689474173,10.9137660105047,8.17915571131429,5.90170133816437e-13,8.40304223120234e-12,18.7593411476464,"Upregulated"
"204619_s_at",1.12847252909887,8.15828437252337,8.14243254225039,7.12478609403753e-13,1.00260846431367e-11,18.5730244140978,"Upregulated"
"217744_s_at",1.13238898988036,9.29269193928972,8.13767524225672,7.30066097424798e-13,1.02186324427869e-11,18.5489024944705,"Upregulated"
"204285_s_at",1.49243468795355,8.29864774442991,8.10192940700313,8.7678733937402e-13,1.21124936660082e-11,18.3677607643986,"Upregulated"
"206239_s_at",2.75839951754292,8.14072839172897,8.07964066842029,9.82758081762783e-13,1.34513503291892e-11,18.254910210004,"Upregulated"
"215646_s_at",1.44833526786981,8.02866142030841,8.06226008423146,1.07415332857313e-12,1.45858370631293e-11,18.1669629289042,"Upregulated"
"208651_x_at",1.30113957580577,10.0700752741028,8.06195951782878,1.07580603147978e-12,1.45993823382849e-11,18.1654424458382,"Upregulated"
"221730_at",1.54372179804187,8.86609732466355,8.05933149628324,1.0903647017038e-12,1.47789517324001e-11,18.1521486000627,"Upregulated"
"211571_s_at",1.55398650938318,7.92507730004673,8.04723378689796,1.15995141402542e-12,1.56176419085973e-11,18.0909661558048,"Upregulated"
"201650_at",1.34983420754222,10.2481949771869,8.03990142924441,1.20425916901378e-12,1.61362038864306e-11,18.0538948928534,"Upregulated"
"202342_s_at",1.15207219685749,7.86182406079439,8.03609212322548,1.2279382127831e-12,1.64041649852792e-11,18.0346389516285,"Upregulated"
"208767_s_at",1.11349996491063,10.2639535112523,8.0069662500723,1.42496813517775e-12,1.88219116515506e-11,17.8874840216884,"Upregulated"
"201884_at",2.28540671882477,9.78332409304673,7.96358567330429,1.77813353982173e-12,2.31302683408334e-11,17.6685603487146,"Upregulated"
"210519_s_at",1.55946649505031,9.24258332893458,7.95327825383858,1.87410707269524e-12,2.43077578002725e-11,17.6165880184386,"Upregulated"
"33322_i_at",1.03373224008445,11.8039822465421,7.93130383567458,2.09624773130581e-12,2.70316482619719e-11,17.5058464342621,"Upregulated"
"203358_s_at",1.01062382525088,5.37023433071963,7.86027737635123,3.00929513039163e-12,3.79921378983098e-11,17.1484576703328,"Upregulated"
"221731_x_at",1.16489897698768,10.6104931888224,7.85144149093954,3.14756565632729e-12,3.95361925140591e-11,17.1040578007066,"Upregulated"
"218976_at",1.33847249853202,7.22136060330841,7.84916799891325,3.18415276326915e-12,3.99732259289727e-11,17.0926358090747,"Upregulated"
"205499_at",1.02360807986981,7.23177351593458,7.84093504811877,3.3202169144261e-12,4.15642660135712e-11,17.051281103177,"Upregulated"
"219117_s_at",1.06140661972765,9.3508029157757,7.81454378318455,3.7965398676672e-12,4.69990543729046e-11,16.9187958553851,"Upregulated"
"203889_at",1.33885441423927,6.96221203681308,7.81366118024157,3.81359195093884e-12,4.7146769849946e-11,16.9143672720283,"Upregulated"
"200606_at",1.6496139261045,9.88757006199065,7.79931745759976,4.10162860081034e-12,5.04953536529596e-11,16.842415019452,"Upregulated"
"203819_s_at",1.70429315163898,6.03088048235514,7.76845072399667,4.79684067599274e-12,5.84087435973477e-11,16.687703379053,"Upregulated"
"201467_s_at",1.39198582540851,7.26278394001869,7.71105844752854,6.41513613637671e-12,7.69781790667109e-11,16.400500332547,"Upregulated"
"212489_at",1.21739084710521,7.83783572591589,7.69551258313158,6.94003277579476e-12,8.27419745013561e-11,16.3228106203248,"Upregulated"
"220057_at",1.84564625110873,7.43812167891589,7.65601807740298,8.4732996155573e-12,1.00217906227953e-10,16.1256440153994,"Upregulated"
"219508_at",1.11464992885116,7.44697963413084,7.61924929078848,1.02012476266584e-11,1.18950497574479e-10,15.9423538160331,"Upregulated"
"204162_at",1.01319179899226,5.06316856048598,7.61190164046451,1.05863796379443e-11,1.23183445155255e-10,15.9057577403898,"Upregulated"
"204620_s_at",1.16968107207495,10.7099714748411,7.60803570475469,1.07947763909825e-11,1.25477309504571e-10,15.8865071161296,"Upregulated"
"209596_at",1.00729789048416,9.68705745173832,7.55816619604211,1.38777535011885e-11,1.57935639053618e-10,15.6384446494303,"Upregulated"
"208029_s_at",1.06503172179944,10.7147672495794,7.52770271211574,1.61759449431696e-11,1.82783256170714e-10,15.4871578588536,"Upregulated"
"204033_at",1.10374436471464,8.00699225494393,7.52677233303845,1.62517816219922e-11,1.83547110939104e-10,15.4825404099523,"Upregulated"
"209260_at",1.04534178298874,8.28766534685981,7.50380603422437,1.8239852340464e-11,2.03622308380935e-10,15.3686155228856,"Upregulated"
"221577_x_at",1.66173428428783,7.49840526081308,7.49330744047699,1.9227302616087e-11,2.13686775159235e-10,15.316573231444,"Upregulated"
"220393_at",1.36552086033744,5.78362044628037,7.48706434716305,1.98394659929354e-11,2.20160767291125e-10,15.2856366140654,"Upregulated"
"201943_s_at",1.0878574008969,8.17273483641121,7.41781501449366,2.80732085304046e-11,3.04258417160995e-10,14.943033092027,"Upregulated"
"205713_s_at",1.33701942628008,6.85484525440187,7.40436055964637,3.00286710164997e-11,3.24347492128291e-10,14.876587380057,"Upregulated"
"203820_s_at",1.54889303590288,6.45681449523364,7.39663338048878,3.12122091037451e-11,3.35828901718374e-10,14.8384439091184,"Upregulated"
"201468_s_at",1.24307989225932,9.93345199457009,7.38784520604938,3.261457701868e-11,3.49063698226343e-10,14.7950788549955,"Upregulated"
"209772_s_at",1.07276782357741,7.07554988719626,7.34097126278049,4.12195917928008e-11,4.31421401558939e-10,14.5640668644885,"Upregulated"
"206632_s_at",1.1631153935095,6.60433397964486,7.33846274122252,4.17388396312770e-11,4.36241352487686e-10,14.551717672272,"Upregulated"
"212488_at",1.13154257819528,9.3904058587757,7.32355280013894,4.4961712886644e-11,4.66642686657237e-10,14.4783466265949,"Upregulated"
"219148_at",1.26750084107846,5.65274343461682,7.1896616019091,8.74994272161175e-11,8.71591299354826e-10,13.8217553491193,"Upregulated"
"209631_s_at",1.19687879680084,4.96467850362617,7.18492116986738,8.9580232117934e-11,8.9112335369818e-10,13.7985856250366,"Upregulated"
"209644_x_at",1.01995122067206,7.89688390035514,7.15291707953391,1.04970173746779e-10,1.03223759117365e-09,13.6423010177568,"Upregulated"
"205890_s_at",1.41600032956967,8.99925673706542,7.110710680822,1.29335077688807e-10,1.25521495476467e-09,13.436576230858,"Upregulated"
"204286_s_at",1.16184314846728,5.16914076942991,7.09355933387083,1.40767863262445e-10,1.35559132210298e-09,13.3531014772813,"Upregulated"
"211650_x_at",1.24327582478818,7.81086191057944,7.0909094821741,1.42621321881846e-10,1.37161455135657e-09,13.340211296243,"Upregulated"
"204734_at",1.81551174258937,6.67559320585981,7.09044734606963,1.42947032959431e-10,1.37415389794435e-09,13.3379634181967,"Upregulated"
"204351_at",2.16651662690675,8.89097220518692,7.04099354413565,1.82417159917832e-10,1.71366002295491e-09,13.0977247201319,"Upregulated"
"203892_at",1.0576129203392,10.1304285848131,7.03947136326712,1.83789649194048e-10,1.72509888500041e-09,13.0903400151528,"Upregulated"
"209173_at",1.47336517295566,10.6030325986355,6.979935078759,2.46296860605799e-10,2.25667473062459e-09,12.8019724901644,"Upregulated"
"206023_at",1.40585883275897,6.84842856433645,6.95491641658555,2.78467842322428e-10,2.53476263499618e-09,12.6810679825957,"Upregulated"
"220196_at",1.39425812448557,6.81258671137383,6.93862485656001,3.0161828161775e-10,2.72324155967922e-09,12.6024265094898,"Upregulated"
"212992_at",1.48160720726847,8.31359588483178,6.8917708895653,3.79354414546536e-10,3.36644939041835e-09,12.3766509351293,"Upregulated"
"211798_x_at",1.33627481144933,9.40204150842991,6.86415472909669,4.3414153617177e-10,3.81315563678185e-09,12.2438544474695,"Upregulated"
"216557_x_at",1.28610420871604,7.72427939528037,6.86281663570858,4.36986386465128e-10,3.83663027959119e-09,12.2374253088966,"Upregulated"
"216510_x_at",1.52323845672449,7.13946678056075,6.82000458839035,5.38416977244813e-10,4.67558281525572e-09,12.0319866229983,"Upregulated"
"211430_s_at",1.15074780919071,13.3725084968224,6.80041617184222,5.92280278237074e-10,5.11145679316681e-09,11.9381591261294,"Upregulated"
"217281_x_at",1.20149127669845,7.86402673370093,6.779893947434,6.5443016758531e-10,5.61303596008601e-09,11.8399743900637,"Upregulated"
"211881_x_at",1.23491032509008,8.68996188503738,6.76130374670759,7.16272330351127e-10,6.10351676375303e-09,11.7511360157036,"Upregulated"
"218888_s_at",1.00190972198205,7.65682414161682,6.75373170988561,7.43086829977732e-10,6.31269684803423e-09,11.7149791847518,"Upregulated"
"211635_x_at",1.31398302901865,8.04087567912149,6.71210388469202,9.09222313382706e-10,7.61661684552888e-09,11.5164987842644,"Upregulated"
"216491_x_at",1.56151651014039,8.75693947159813,6.6630157346696,1.15277495223086e-09,9.51733392388298e-09,11.2830961797825,"Upregulated"
"204268_at",1.8739863562069,8.19778530541121,6.64968807653049,1.22936355834895e-09,1.00935549634081e-08,11.2198490782958,"Upregulated"
"211634_x_at",1.43813033457459,8.15132924257009,6.64831331216802,1.23754425396319e-09,1.0153239547519e-08,11.213328069702,"Upregulated"
"205229_s_at",1.00675518642153,6.91804519766355,6.6327720048636,1.33385016308859e-09,1.08912360513386e-08,11.1396492581467,"Upregulated"
"201942_s_at",1.10807392454785,7.39272638556075,6.59077543688635,1.63271030432241e-09,1.30822307483697e-08,10.9409140858752,"Upregulated"
"211644_x_at",1.56032803244088,11.1652847693271,6.57262612356694,1.78150520857051e-09,1.41776002009202e-08,10.8551942399437,"Upregulated"
"217480_x_at",1.2035432615862,9.85399856118692,6.56009920403817,1.8919397410395e-09,1.5002880159994e-08,10.7960881029568,"Upregulated"
"209396_s_at",1.2642620953786,8.70128007934579,6.47931941130389,2.78529707697956e-09,2.14016464711502e-08,10.4161149130079,"Upregulated"
"209921_at",1.28445560288459,5.88952078994393,6.47462576802006,2.84842980827419e-09,2.18490744983731e-08,10.3941000608128,"Upregulated"
"202357_s_at",1.02113546502639,8.86812409914019,6.45949533085436,3.06171533064494e-09,2.33644529838224e-08,10.323180769791,"Upregulated"
"211643_x_at",1.3394966496791,10.7962685218224,6.43809743993793,3.39049867389265e-09,2.56974428402551e-08,10.2230099765287,"Upregulated"
"206224_at",1.08089188222027,5.53171455339252,6.42999831630037,3.52383214929366e-09,2.66265011131606e-08,10.1851337266859,"Upregulated"
"216560_x_at",1.25750565550035,9.57991367439252,6.39143205634305,4.23316434522308e-09,3.16217234678531e-08,10.0050677335985,"Upregulated"
"202923_s_at",1.18959814117663,8.73022800926168,6.38431810298038,4.37860733982134e-09,3.2588011808029e-08,9.97190581550569,"Upregulated"
"219936_s_at",1.31100073739549,5.63022666240187,6.26488702748548,7.70228356719644e-09,5.48689209487974e-08,9.41769602772553,"Upregulated"
"205466_s_at",1.08722745326847,6.86744731741121,6.23419260005548,8.89904145101433e-09,6.26970083104688e-08,9.27604466057413,"Upregulated"
"214916_x_at",1.09373118906087,7.87629454335514,6.18945268554658,1.09782300469705e-08,7.6231816807929e-08,9.07016212857852,"Upregulated"
"211637_x_at",1.3031259488209,8.84164716300935,6.17376552445597,1.18151394347706e-08,8.16868606965538e-08,8.99814020677404,"Upregulated"
"217378_x_at",1.26262543912491,10.4656981217383,6.15293524834374,1.30242198677242e-08,8.95184118792409e-08,8.90264056478997,"Upregulated"
"216576_x_at",1.44938434791238,9.53321277735514,6.14784674978209,1.33376277964106e-08,9.14468800576669e-08,8.87933507640766,"Upregulated"
"214768_x_at",1.4182140239349,9.62153326452336,6.12530453377893,1.48177410463884e-08,1.00850251599472e-07,8.77620271868686,"Upregulated"
"217148_x_at",1.24944977276003,10.5349554685421,6.09100346681247,1.73853787749825e-08,1.16791798384967e-07,8.61962495112217,"Upregulated"
"216401_x_at",1.26409837345214,9.54989240096262,6.08027905136736,1.82745933334967e-08,1.22322848678374e-07,8.57075796630949,"Upregulated"
"209395_at",1.20488412812174,8.85972577936449,6.07515512791223,1.87151010660649e-08,1.2512109122566e-07,8.54742511064079,"Upregulated"
"217258_x_at",1.15045780558585,7.90936572850467,6.03612249814047,2.24318714679793e-08,1.47840695628803e-07,8.36999941630028,"Upregulated"
"211645_x_at",1.54093193522906,10.0838482221495,6.01552866555745,2.46764242963096e-08,1.61061734796329e-07,8.27661652230056,"Upregulated"
"216853_x_at",1.09059811921358,8.84057234738318,5.95768694090326,3.22303843294929e-08,2.06495012655e-07,8.01518592146518,"Upregulated"
"205267_at",1.24239829900141,8.05774470435514,5.94938829117831,3.34860431189488e-08,2.14047475278123e-07,7.97778224969562,"Upregulated"
"201645_at",1.12985168791344,9.41222587624299,5.89888002199986,4.22334649837774e-08,2.65778338969832e-07,7.7507026833114,"Upregulated"
"216207_x_at",1.12163371342294,11.1747881571869,5.89593842278794,4.28069836674267e-08,2.69150117680945e-07,7.73750802697343,"Upregulated"
"205174_s_at",1.04763922980964,6.58774898013084,5.89392819389228,4.32033102995798e-08,2.71488822167382e-07,7.72849300734977,"Upregulated"
"214777_at",1.56590973690112,9.59300199250467,5.85312178925061,5.20745436225175e-08,3.22595789697125e-07,7.54583578080888,"Upregulated"
"217227_x_at",1.03288761984342,8.28538256778505,5.84198491354398,5.47918165974006e-08,3.3848795376764e-07,7.49609894171112,"Upregulated"
"210145_at",1.23998167647853,6.47258805702804,5.80248215353094,6.56009381433764e-08,3.99941369260973e-07,7.32007910330923,"Upregulated"
"204540_at",1.42181264739761,5.64703612602804,5.78827552874505,6.99793719052097e-08,4.24428509570982e-07,7.25692882300321,"Upregulated"
"215176_x_at",1.35214807620901,11.5434558233458,5.73050178763474,9.09371972610775e-08,5.40649297376891e-07,7.00096004213822,"Upregulated"
"217179_x_at",1.10447739907143,9.23012434703738,5.72497772009374,9.3237607680969e-08,5.53439960563407e-07,6.97655691133208,"Upregulated"
"216984_x_at",1.04036592670056,10.3664058335888,5.65183200262508,1.29650100795803e-07,7.53322867283671e-07,6.65462135108124,"Upregulated"
"214973_x_at",1.0818638166988,8.83569452407477,5.62152468917194,1.48536896828199e-07,8.52614031948158e-07,6.52188758555029,"Upregulated"
"204259_at",1.2688205347164,7.96772465357009,5.47553825966341,2.84509816613991e-07,1.54967788892925e-06,5.8880641999559,"Upregulated"
"215214_at",1.32247297366925,6.97937710711215,5.44935629887811,3.19390033187939e-07,1.72407173195902e-06,5.77538118272564,"Upregulated"
"220431_at",1.00390324918332,5.81857687673832,5.36192898142497,4.68953769097457e-07,2.45240479624469e-06,5.40134692155322,"Upregulated"
"218002_s_at",1.46085302377621,7.41649158565421,5.35812024381633,4.76831694442645e-07,2.4912639266742e-06,5.38513151004758,"Upregulated"
"205549_at",1.19474490664989,6.61756549481308,5.28705726018439,6.49921305251684e-07,3.3117302641032e-06,5.08381903419691,"Upregulated"
"205513_at",1.01474237791766,8.11370659880374,5.19439165899353,9.70076255849655e-07,4.79082650910857e-06,4.69448256206655,"Upregulated"
"206504_at",1.07617619691766,5.37347831058879,5.12676635473939,1.29627917263793e-06,6.26708370663722e-06,4.41296287462617,"Upregulated"
"217109_at",1.34014212983322,6.71641149293458,5.11342064696583,1.37226177412213e-06,6.60576995307051e-06,4.35766998418676,"Upregulated"
"217110_s_at",1.18761030224877,5.68103481807477,5.03351611299744,1.92668034789541e-06,9.01558550864205e-06,4.02846640046906,"Upregulated"
"202718_at",1.05365131729029,8.94221170001869,4.89735451432673,3.41149750127434e-06,1.52328427948582e-05,3.47494803360176,"Upregulated"
"209277_at",1.11670917318614,5.28626265331776,4.88014936646976,3.66458483244304e-06,1.62535716204873e-05,3.40568988496095,"Upregulated"
"212531_at",1.1854552520482,9.28913548998131,4.7197304667238,7.09195945033647e-06,2.99583189444261e-05,2.7675226841977,"Upregulated"
"209278_s_at",1.36757604456861,7.69566972188785,4.65524006139669,9.21423701007649e-06,3.81495435331725e-05,2.51491589411908,"Upregulated"
"213432_at",1.2107665285943,7.64792317978505,4.32079125246015,3.45828352453277e-05,0.000130104561501205,1.24292206650282,"Upregulated"
"209374_s_at",1.14597040660274,10.0499317368505,4.26931037149813,4.21629161768714e-05,0.000156143636557957,1.0530005467025,"Upregulated"
"214612_x_at",1.2455403830672,5.68388095613084,4.00897331339222,0.000112235374497707,0.000385174934534484,0.117805596244913,"Upregulated"
"209942_x_at",1.14285463901407,6.5216558306729,3.91652248770986,0.00015738768696619,0.000525167689228452,-0.203853313902545,"Upregulated"
